0,202.27
0.01,594.7
0.02,796.17
0.03,931.75
0.04,1027.2
0.05,1038.7
0.05751,1045.7
0.063649,1051.6
0.068986,1056.8
0.073774,1061.6
0.078156,1065.9
0.082221,1069.9
0.086029,1073.7
0.089623,1078.4
0.095013,1085.3
0.1031,1095.7
0.11523,1111.2
0.13342,1127.2
0.16071,1143
0.20165,1164
0.25165,1184.8
0.30165,1202
0.35165,1206.3
0.40165,1208.7
0.45165,1211.1
0.50165,1213.5
0.55165,1215.9
0.60165,1218.3
0.65165,1220.7
0.70165,1223.2
0.75165,1225.6
0.80165,1228
0.85165,1230.4
0.90165,1232.8
0.95165,1235.2
1.0016,1237.6
1.0516,1240
1.1016,1242.5
1.1516,1244.9
1.2016,1246.8
1.2516,1246.2
1.3016,1245.2
1.3516,1244.2
1.4016,1243.2
1.4516,1242.2
1.5016,1241.2
1.5516,1240.2
1.6016,1239.2
1.6516,1235.2
1.7016,1224.7
1.7516,1163.6
1.8016,1055.3
1.8516,927.67
1.9016,800.01
1.9516,672.36
2.0016,544.71
2.0516,417.05
2.1016,289.4
2.1516,161.74
2.2016,37.552
2.2516,0
2.3016,0
2.3516,0
2.4016,0
2.4516,0
2.5016,0
2.5516,0
2.6016,0
2.6516,0
2.7016,0
2.7516,0
2.8016,0
2.8516,0
2.9016,0
2.9516,0
3.0016,0
3.0516,0
3.1016,0
3.1516,0
3.2016,0
3.2516,0
3.3016,0
3.3516,0
3.4016,0
3.4516,0
3.5016,0
3.5516,0
3.6016,0
3.6516,0
3.7016,0
3.7516,0
3.8016,0
3.8516,0
3.9016,0
3.9516,0
4.0016,0
4.0516,0
4.1016,0
4.1516,0
4.2016,0
4.2516,0
4.3016,0
4.3516,0
4.4016,0
4.4516,0
4.5016,0
4.5516,0
4.6016,0
4.6516,0
4.7016,0
4.7516,0
4.8016,0
4.8516,0
4.9016,0
4.9516,0
5.0016,0
5.0516,0
5.1016,0
5.1516,0
5.2016,0
5.2516,0
5.3016,0
5.3516,0
5.4016,0
5.4516,0
5.5016,0
5.5516,0
5.6016,0
5.6516,0
5.7016,0
5.7516,0
5.8016,0
5.8516,0
5.9016,0
5.9516,0
6.0016,0
6.0516,0
6.1016,0
6.1516,0
6.2016,0
6.2516,0
6.3016,0
6.3516,0
6.4016,0
6.4516,0
6.5016,0
6.5516,0
6.6016,0
6.6516,0
6.7016,0
6.7516,0
6.8016,0
6.8516,0
6.9016,0
6.9516,0
7.0016,0
7.0516,0
7.1016,0
7.1516,0
7.2016,0
7.2516,0
7.3016,0
7.3516,0
7.4016,0
7.4516,0
7.5016,0
7.5516,0
7.6016,0
7.6516,0
7.7016,0
7.7516,0
7.8016,0
7.8516,0
7.9016,0
7.9516,0
8.0016,0
8.0516,0
8.1016,0
8.1516,0
8.2016,0
8.2516,0
8.3016,0
8.3516,0
8.4016,0
8.4516,0
8.5016,0
8.5516,0
8.6016,0
8.6516,0
8.7016,0
8.7516,0
8.8016,0
8.8516,0
8.9016,0
8.9516,0
9.0016,0
9.0516,0
9.1016,0
9.1516,0
9.2016,0
9.2516,0
9.3016,0
9.3516,0
9.4016,0
9.4516,0
9.5016,0
9.5516,0
9.6016,0
9.6516,0
9.7016,0
9.7516,0
9.8016,0
9.8516,0
9.9016,0
9.9516,0
10.002,0
10.052,0
10.102,0
10.152,0
10.202,0
10.252,0
10.302,0
10.352,0
10.402,0
10.452,0
10.502,0
10.552,0
10.602,0
10.652,0
10.702,0
10.752,0
10.802,0
10.852,0
10.902,0
10.952,0
11.002,0
11.052,0
11.102,0
11.152,0
11.202,0
11.252,0
11.302,0
11.352,0
11.402,0
11.452,0
11.502,0
11.552,0
11.602,0
11.652,0
11.702,0
11.752,0
11.802,0
11.852,0
11.902,0
11.952,0
12.002,0
12.052,0
12.102,0
12.152,0
12.202,0
12.252,0
12.302,0
12.352,0
12.402,0
12.452,0
12.502,0
12.552,0
12.602,0
12.652,0
12.702,0
12.752,0
12.802,0
12.852,0
12.902,0
12.952,0
13.002,0
13.052,0
13.102,0
13.152,0
13.202,0
13.252,0
13.302,0
13.352,0
13.402,0
13.452,0
13.502,0
13.552,0
13.602,0
13.652,0
13.702,0
13.752,0
13.802,0
13.852,0
13.902,0
13.952,0
14.002,0
14.052,0
14.102,0
14.152,0
14.202,0
14.252,0
14.302,0
14.352,0
14.402,0
14.452,0
14.502,0
14.552,0
14.602,0
14.652,0
14.702,0
14.752,0
14.802,0
14.852,0
14.902,0
14.952,0
15.002,0
15.052,0
15.102,0
15.152,0
15.202,0
15.252,0
15.302,0
15.352,0
15.402,0
15.452,0
15.502,0
15.552,0
15.602,0
15.652,0
15.702,0
15.752,0
15.802,0
15.852,0
15.902,0
15.952,0
16.002,0
16.052,0
16.102,0
16.152,0
16.202,0
16.252,0
16.302,0
16.352,0
16.402,0
16.452,0
16.502,0
16.552,0
16.602,0
16.652,0
16.702,0
16.752,0
16.802,0
16.852,0
16.902,0
16.952,0
17.002,0
17.052,0
17.102,0
17.152,0
17.202,0
17.252,0
17.302,0
17.352,0
17.402,0
17.452,0
17.502,0
17.552,0
17.602,0
17.652,0
17.702,0
17.752,0
17.802,0
17.852,0
17.902,0
17.952,0
18.002,0
18.052,0
18.102,0
18.152,0
18.202,0
18.252,0
18.302,0
18.352,0
18.402,0
18.452,0
18.502,0
18.552,0
18.602,0
18.652,0
18.702,0
18.752,0
18.802,0
18.852,0
18.9,0
18.942,0
18.978,0
19.01,0
19.039,0
19.065,0
19.089,0
19.111,0
19.13,0
19.148,0
19.165,0
19.181,0
19.196,0
19.21,0
19.223,0
19.236,0
19.247,0
19.258,0
19.269,0
19.279,0
19.289,0
19.298,0
19.307,0
19.316,0
19.324,0
19.332,0
19.34,0
19.347,0
19.355,0
19.362,0
19.369,0
19.375,0
19.382,0
19.388,0
19.394,0
19.401,0
19.407,0
19.412,0
19.418,0
19.424,0
19.429,0
19.435,0
19.44,0
19.445,0
19.45,0
19.456,0
19.461,0
19.466,0
19.47,0
19.475,0
19.48,0
19.485,0
19.49,0
19.494,0
19.499,0
19.504,0
19.508,0
19.513,0
19.517,0
19.522,0
19.527,0
19.531,0
19.536,0
19.54,0
19.545,0
19.549,0
19.554,0
19.559,0
19.563,0
19.568,0
19.573,0
19.578,0
19.583,0
19.588,0
19.593,0
19.598,0
19.603,0
19.609,0
19.614,0
19.62,0
19.626,0
19.633,0
19.639,0
19.646,0
19.654,0
19.662,0
19.67,0
19.678,0
19.686,0
19.694,0
19.701,0
19.709,0
19.717,0
19.724,0
19.732,0
19.74,0
19.747,0
19.755,0
19.762,0
19.77,0
19.778,0
19.785,0
19.793,0
19.801,0
19.808,0
19.816,0
19.823,0
19.831,0
19.839,0
19.846,0
19.854,0
19.862,0
19.87,0
19.878,0
19.886,0
19.893,0
19.9,0
19.906,0
19.912,0
19.917,0
19.922,0
19.927,0
19.932,0
19.937,0
19.941,0
19.946,0
19.95,0
19.954,0
19.958,0
19.962,0
19.966,0
19.97,0
19.973,0
19.977,0
19.981,0
19.985,0
19.988,0
19.992,0
19.995,0
19.999,0
20.002,0
20.006,0
20.009,0
20.013,0
20.016,0
20.02,0
20.023,0
20.026,0
20.03,0
20.033,0
20.037,0
20.04,0
20.043,0
20.047,0
20.05,0
20.054,0
20.057,0
20.06,0
20.064,0
20.067,0
20.07,0
20.074,0
20.077,0
20.081,0
20.084,0
20.088,0
20.091,0
20.094,0
20.098,0
20.101,0
20.105,0
20.108,0
20.112,0
20.115,0
20.119,0
20.122,0
20.126,0
20.129,0
20.133,0
20.137,0
20.14,0
20.144,0
20.147,0
20.151,0
20.154,0
20.158,0
20.162,0
20.165,0
20.169,0
20.173,0
20.176,0
20.18,0
20.184,0
20.187,0
20.191,0
20.195,0
20.198,0
20.202,0
20.206,0
20.21,0
20.213,0
20.217,0
20.221,0
20.224,0
20.228,0
20.232,0
20.235,0
20.239,0
20.243,0
20.246,0
20.25,0
20.254,0
20.257,0
20.261,0
20.265,0
20.268,0
20.272,0
20.276,0
20.279,0
20.283,0
20.286,0
20.29,0
20.293,0
20.297,0
20.3,0
20.304,0
20.307,0
20.311,0
20.314,0
20.318,0
20.321,0
20.324,0
20.328,0
20.331,0
20.334,0
20.338,0
20.341,0
20.344,0
20.348,0
20.351,0
20.354,0
20.357,0
20.36,0
20.364,0
20.367,0
20.37,0
20.373,0
20.376,0
20.379,0
20.382,0
20.385,0
20.388,0
20.391,0
20.394,0
20.397,0
20.4,0
20.403,0
20.406,0
20.409,0
20.412,0
20.415,0
20.418,0
20.421,0
20.424,0
20.427,0
20.43,0
20.433,0
20.435,0
20.438,0
20.441,0
20.444,0
20.447,0
20.45,0
20.453,0
20.456,0
20.458,0
20.461,0
20.464,0
20.467,0
20.47,0
20.473,0
20.476,0
20.479,0
20.482,0
20.485,0
20.488,0
20.491,0
20.494,0
20.497,0
20.5,0
20.503,0
20.506,0
20.509,0
20.513,0
20.516,0
20.519,0
20.522,0
20.526,0
20.529,0
20.533,0
20.537,0
20.54,0
20.544,0
20.548,0
20.553,0
20.557,0
20.561,0
20.566,0
20.571,0
20.577,0
20.582,0
20.589,0
20.596,0
20.603,0
20.61,0
20.617,0
20.624,0
20.631,0
20.638,0
20.645,0
20.652,0
20.659,0
20.666,0
20.673,0
20.68,0
20.686,0
20.693,0
20.7,0
20.707,0
20.714,0
20.721,0
20.728,0
20.735,0
20.742,0
20.749,0
20.756,0
20.763,0
20.77,0
20.776,0
20.782,0
20.787,0
20.791,0
20.796,0
20.8,0
20.804,0
20.807,0
20.811,0
20.815,0
20.818,0
20.821,0
20.825,0
20.828,0
20.831,0
20.834,0
20.837,0
20.84,0
20.843,0
20.846,0
20.848,0
20.851,0
20.854,0
20.857,0
20.859,0
20.862,0
20.864,0
20.867,0
20.87,0
20.872,0
20.875,0
20.877,0
20.88,0
20.882,0
20.885,0
20.887,0
20.89,0
20.892,0
20.895,0
20.897,0
20.9,0
20.902,0
20.905,0
20.907,0
20.91,0
20.912,0
20.915,0
20.917,0
20.92,0
20.922,0
20.925,0
20.927,0
20.93,0
20.932,0
20.935,0
20.937,0
20.94,0
20.942,0
20.945,0
20.947,0
20.95,0
20.952,0
20.955,0
20.957,0
20.96,0
20.962,0
20.965,0
20.967,0
20.97,0
20.972,0
20.975,0
20.977,0
20.98,0
20.982,0
20.985,0
20.987,0
20.99,0
20.992,0
20.995,0
20.997,0
21,0
21.002,0
21.005,0
21.007,0
21.01,0
21.012,0
21.015,0
21.017,0
21.02,0
21.022,0
21.025,0
21.027,0
21.03,0
21.032,0
21.035,0
21.037,0
21.04,0
21.042,0
21.045,0
21.047,0
21.05,0
21.052,0
21.055,0
21.057,0
21.06,0
21.062,0
21.065,0
21.067,0
21.07,0
21.072,0
21.075,0
21.077,0
21.08,0
21.082,0
21.085,0
21.087,0
21.09,0
21.092,0
21.095,0
21.097,0
21.1,0
21.102,0
21.105,0
21.107,0
21.11,0
21.112,0
21.115,0
21.117,0
21.12,0
21.122,0
21.125,0
21.127,0
21.13,0
21.132,0
21.135,0
21.137,0
21.14,0
21.142,0
21.145,0
21.147,0
21.15,0
21.152,0
21.155,0
21.157,0
21.16,0
21.162,0
21.165,0
21.167,0
21.17,0
21.172,0
21.175,0
21.177,0
21.18,0
21.182,0
21.185,0
21.187,0
21.19,0
21.192,0
21.195,0
21.197,0
21.2,0
21.202,0
21.205,0
21.207,0
21.21,0
21.212,0
21.215,0
21.217,0
21.22,0
21.222,0
21.225,0
21.227,0
21.23,0
21.232,0
21.235,0
21.237,0
21.24,0
21.242,0
21.245,0
21.247,0
21.25,0
21.253,0
21.255,0
21.258,0
21.261,0
21.264,0
21.266,0
21.269,0
21.272,0
21.276,0
21.279,0
21.282,0
21.285,0
21.289,0
21.293,0
21.296,0
21.3,0
21.305,0
21.309,0
21.314,0
21.319,0
21.325,0
21.332,0
21.339,0
21.345,0
21.352,0
21.359,0
21.366,0
21.372,0
21.379,0
21.385,0
21.392,0
21.399,0
21.405,0
21.412,0
21.418,0
21.425,0
21.432,0
21.438,0
21.445,0
21.452,0
21.458,0
21.465,0
21.472,0
21.479,0
21.485,0
21.49,0
21.495,0
21.499,0
21.503,0
21.507,0
21.511,0
21.514,0
21.518,0
21.521,0
21.524,0
21.527,0
21.53,0
21.533,0
21.535,0
21.538,0
21.541,0
21.543,0
21.546,0
21.548,0
21.551,0
21.553,0
21.556,0
21.558,0
21.561,0
21.563,0
21.566,0
21.568,0
21.571,0
21.573,0
21.576,0
21.578,0
21.581,0
21.583,0
21.586,0
21.588,0
21.591,0
21.593,0
21.596,0
21.598,0
21.601,0
21.603,0
21.606,0
21.608,0
21.611,0
21.613,0
21.616,0
21.618,0
21.621,0
21.623,0
21.626,0
21.628,0
21.631,0
21.633,0
21.636,0
21.638,0
21.641,0
21.643,0
21.646,0
21.648,0
21.651,0
21.653,0
21.656,0
21.658,0
21.661,0
21.663,0
21.666,0
21.668,0
21.671,0
21.673,0
21.676,0
21.678,0
21.681,0
21.683,0
21.686,0
21.688,0
21.691,0
21.693,0
21.696,0
21.698,0
21.701,0
21.703,0
21.706,0
21.708,0
21.711,0
21.713,0
21.716,0
21.718,0
21.721,0
21.723,0
21.726,0
21.728,0
21.731,0
21.733,0
21.736,0
21.738,0
21.741,0
21.743,0
21.746,0
21.748,0
21.751,0
21.753,0
21.756,0
21.758,0
21.761,0
21.763,0
21.766,0
21.768,0
21.771,0
21.773,0
21.776,0
21.778,0
21.781,0
21.783,0
21.786,0
21.788,0
21.791,0
21.793,0
21.796,0
21.798,0
21.801,0
21.803,0
21.806,0
21.808,0
21.811,0
21.813,0
21.816,0
21.818,0
21.821,0
21.823,0
21.826,0
21.828,0
21.831,0
21.833,0
21.836,0
21.838,0
21.841,0
21.843,0
21.846,0
21.848,0
21.851,0
21.853,0
21.856,0
21.858,0
21.861,0
21.863,0
21.866,0
21.868,0
21.871,0
21.873,0
21.876,0
21.878,0
21.881,0
21.883,0
21.886,0
21.888,0
21.891,0
21.893,0
21.896,0
21.898,0
21.901,0
21.903,0
21.906,0
21.908,0
21.911,0
21.914,0
21.916,0
21.919,0
21.922,0
21.925,0
21.928,0
21.931,0
21.934,0
21.937,0
21.941,0
21.945,0
21.948,0
21.953,0
21.957,0
21.962,0
21.967,0
21.974,0
21.98,0
21.987,0
21.993,0
22,0
22.006,0
22.013,0
22.019,0
22.026,0
22.032,0
22.039,0
22.045,0
22.052,0
22.058,0
22.065,0
22.071,0
22.078,0
22.084,0
22.091,0
22.097,0
22.104,0
22.11,0
22.116,0
22.121,0
22.125,0
22.129,0
22.133,0
22.137,0
22.14,0
22.143,0
22.146,0
22.149,0
22.152,0
22.155,0
22.158,0
22.16,0
22.163,0
22.165,0
22.168,0
22.17,0
22.173,0
22.175,0
22.178,0
22.18,0
22.183,0
22.185,0
22.188,0
22.19,0
22.193,0
22.195,0
22.198,0
22.2,0
22.203,0
22.205,0
22.208,0
22.21,0
22.213,0
22.215,0
22.218,0
22.22,0
22.223,0
22.225,0
22.228,0
22.23,0
22.233,0
22.235,0
22.238,0
22.24,0
22.243,0
22.245,0
22.248,0
22.25,0
22.253,0
22.255,0
22.258,0
22.26,0
22.263,0
22.265,0
22.268,0
22.27,0
22.273,0
22.275,0
22.278,0
22.28,0
22.283,0
22.285,0
22.288,0
22.29,0
22.293,0
22.295,0
22.298,0
22.3,0
22.303,0
22.305,0
22.308,0
22.31,0
22.313,0
22.315,0
22.318,0
22.32,0
22.323,0
22.325,0
22.328,0
22.33,0
22.333,0
22.335,0
22.338,0
22.34,0
22.343,0
22.345,0
22.348,0
22.35,0
22.353,0
22.355,0
22.358,0
22.36,0
22.363,0
22.365,0
22.368,0
22.37,0
22.373,0
22.375,0
22.378,0
22.38,0
22.383,0
22.385,0
22.388,0
22.39,0
22.393,0
22.395,0
22.398,0
22.4,0
22.403,0
22.405,0
22.408,0
22.41,0
22.413,0
22.415,0
22.418,0
22.42,0
22.423,0
22.425,0
22.428,0
22.43,0
22.433,0
22.435,0
22.438,0
22.44,0
22.443,0
22.445,0
22.448,0
22.45,0
22.453,0
22.455,0
22.458,0
22.46,0
22.463,0
22.465,0
22.468,0
22.47,0
22.473,0
22.475,0
22.478,0
22.48,0
22.483,0
22.485,0
22.488,0
22.49,0
22.493,0
22.495,0
22.498,0
22.5,0
22.503,0
22.505,0
22.508,0
22.51,0
22.513,0
22.516,0
22.519,0
22.522,0
22.525,0
22.528,0
22.532,0
22.535,0
22.539,0
22.544,0
22.548,0
22.554,0
22.559,0
22.566,0
22.573,0
22.579,0
22.586,0
22.592,0
22.598,0
22.605,0
22.611,0
22.618,0
22.624,0
22.631,0
22.637,0
22.643,0
22.65,0
22.656,0
22.663,0
22.669,0
22.676,0
22.682,0
22.689,0
22.694,0
22.699,0
22.703,0
22.707,0
22.711,0
22.714,0
22.717,0
22.72,0
22.723,0
22.726,0
22.729,0
22.731,0
22.734,0
22.736,0
22.739,0
22.741,0
22.744,0
22.746,0
22.749,0
22.751,0
22.754,0
22.756,0
22.759,0
22.761,0
22.764,0
22.766,0
22.769,0
22.771,0
22.774,0
22.776,0
22.779,0
22.781,0
22.784,0
22.786,0
22.789,0
22.791,0
22.794,0
22.796,0
22.799,0
22.801,0
22.804,0
22.806,0
22.809,0
22.811,0
22.814,0
22.816,0
22.819,0
22.821,0
22.824,0
22.826,0
22.829,0
22.831,0
22.834,0
22.836,0
22.839,0
22.841,0
22.844,0
22.846,0
22.849,0
22.851,0
22.854,0
22.856,0
22.859,0
22.861,0
22.864,0
22.866,0
22.869,0
22.871,0
22.874,0
22.876,0
22.879,0
22.881,0
22.884,0
22.886,0
22.889,0
22.891,0
22.894,0
22.896,0
22.899,0
22.901,0
22.904,0
22.906,0
22.909,0
22.911,0
22.914,0
22.916,0
22.919,0
22.921,0
22.924,0
22.926,0
22.929,0
22.931,0
22.934,0
22.936,0
22.939,0
22.941,0
22.944,0
22.946,0
22.949,0
22.951,0
22.954,0
22.956,0
22.959,0
22.961,0
22.964,0
22.966,0
22.969,0
22.971,0
22.974,0
22.976,0
22.979,0
22.981,0
22.984,0
22.986,0
22.989,0
22.991,0
22.994,0
22.996,0
22.999,0
23.001,0
23.004,0
23.006,0
23.009,0
23.011,0
23.014,0
23.016,0
23.019,0
23.021,0
23.024,0
23.026,0
23.029,0
23.031,0
23.034,0
23.036,0
23.039,0
23.041,0
23.044,0
23.046,0
23.049,0
23.051,0
23.054,0
23.056,0
23.059,0
23.061,0
23.064,0
23.067,0
23.07,0
23.073,0
23.076,0
23.079,0
23.082,0
23.086,0
23.09,0
23.094,0
23.099,0
23.105,0
23.111,0
23.118,0
23.124,0
23.131,0
23.137,0
23.143,0
23.15,0
23.156,0
23.163,0
23.169,0
23.176,0
23.182,0
23.188,0
23.195,0
23.201,0
23.208,0
23.214,0
23.221,0
23.227,0
23.233,0
23.238,0
23.242,0
23.246,0
23.25,0
23.253,0
23.256,0
23.259,0
23.262,0
23.265,0
23.268,0
23.27,0
23.273,0
23.275,0
23.278,0
23.28,0
23.283,0
23.285,0
23.288,0
23.29,0
23.293,0
23.295,0
23.298,0
23.3,0
23.303,0
23.305,0
23.308,0
23.31,0
23.313,0
23.315,0
23.318,0
23.32,0
23.323,0
23.325,0
23.328,0
23.33,0
23.333,0
23.335,0
23.338,0
23.34,0
23.343,0
23.345,0
23.348,0
23.35,0
23.353,0
23.355,0
23.358,0
23.36,0
23.363,0
23.365,0
23.368,0
23.37,0
23.373,0
23.375,0
23.378,0
23.38,0
23.383,0
23.385,0
23.388,0
23.39,0
23.393,0
23.395,0
23.398,0
23.4,0
23.403,0
23.405,0
23.408,0
23.41,0
23.413,0
23.415,0
23.418,0
23.42,0
23.423,0
23.425,0
23.428,0
23.43,0
23.433,0
23.435,0
23.438,0
23.44,0
23.443,0
23.445,0
23.448,0
23.45,0
23.453,0
23.455,0
23.458,0
23.46,0
23.463,0
23.465,0
23.468,0
23.47,0
23.473,0
23.475,0
23.478,0
23.48,0
23.483,0
23.485,0
23.488,0
23.49,0
23.493,0
23.495,0
23.498,0
23.5,0
23.503,0
23.505,0
23.508,0
23.51,0
23.513,0
23.515,0
23.518,0
23.52,0
23.523,0
23.525,0
23.528,0
23.53,0
23.533,0
23.535,0
23.538,0
23.54,0
23.543,0
23.545,0
23.548,0
23.55,0
23.553,0
23.555,0
23.558,0
23.56,0
23.563,0
23.565,0
23.568,0
23.57,0
23.573,0
23.575,0
23.578,0
23.58,0
23.583,0
23.585,0
23.588,0
23.591,0
23.594,0
23.597,0
23.6,0
23.604,0
23.607,0
23.611,0
23.616,0
23.621,0
23.627,0
23.633,0
23.64,0
23.646,0
23.653,0
23.659,0
23.666,0
23.672,0
23.679,0
23.685,0
23.692,0
23.698,0
23.704,0
23.711,0
23.717,0
23.724,0
23.73,0
23.737,0
23.743,0
23.749,0
23.753,0
23.757,0
23.761,0
23.764,0
23.768,0
23.771,0
23.774,0
23.776,0
23.779,0
23.781,0
23.784,0
23.786,0
23.789,0
23.791,0
23.794,0
23.796,0
23.799,0
23.801,0
23.804,0
23.806,0
23.809,0
23.811,0
23.814,0
23.816,0
23.819,0
23.821,0
23.824,0
23.826,0
23.829,0
23.831,0
23.834,0
23.836,0
23.839,0
23.841,0
23.844,0
23.846,0
23.849,0
23.851,0
23.854,0
23.856,0
23.859,0
23.861,0
23.864,0
23.866,0
23.869,0
23.871,0
23.874,0
23.876,0
23.879,0
23.881,0
23.884,0
23.886,0
23.889,0
23.891,0
23.894,0
23.896,0
23.899,0
23.901,0
23.904,0
23.906,0
23.909,0
23.911,0
23.914,0
23.916,0
23.919,0
23.921,0
23.924,0
23.926,0
23.929,0
23.931,0
23.934,0
23.936,0
23.939,0
23.941,0
23.944,0
23.946,0
23.949,0
23.951,0
23.954,0
23.956,0
23.959,0
23.961,0
23.964,0
23.966,0
23.969,0
23.971,0
23.974,0
23.976,0
23.979,0
23.981,0
23.984,0
23.986,0
23.989,0
23.991,0
23.994,0
23.996,0
23.999,0
24.001,0
24.004,0
24.006,0
24.009,0
24.011,0
24.014,0
24.016,0
24.019,0
24.021,0
24.024,0
24.026,0
24.029,0
24.031,0
24.034,0
24.036,0
24.039,0
24.041,0
24.044,0
24.046,0
24.049,0
24.051,0
24.054,0
24.056,0
24.059,0
24.061,0
24.064,0
24.066,0
24.069,0
24.071,0
24.074,0
24.076,0
24.079,0
24.081,0
24.084,0
24.087,0
24.09,0
24.093,0
24.096,0
24.099,0
24.103,0
24.107,0
24.111,0
24.116,0
24.121,0
24.128,0
24.134,0
24.141,0
24.147,0
24.154,0
24.16,0
24.167,0
24.173,0
24.18,0
24.186,0
24.193,0
24.199,0
24.206,0
24.212,0
24.219,0
24.225,0
24.232,0
24.238,0
24.243,0
24.247,0
24.251,0
24.255,0
24.258,0
24.261,0
24.264,0
24.267,0
24.269,0
24.272,0
24.274,0
24.277,0
24.279,0
24.282,0
24.284,0
24.287,0
24.289,0
24.292,0
24.294,0
24.297,0
24.299,0
24.302,0
24.304,0
24.307,0
24.309,0
24.312,0
24.314,0
24.317,0
24.319,0
24.322,0
24.324,0
24.327,0
24.329,0
24.332,0
24.334,0
24.337,0
24.339,0
24.342,0
24.344,0
24.347,0
24.349,0
24.352,0
24.354,0
24.357,0
24.359,0
24.362,0
24.364,0
24.367,0
24.369,0
24.372,0
24.374,0
24.377,0
24.379,0
24.382,0
24.384,0
24.387,0
24.389,0
24.392,0
24.394,0
24.397,0
24.399,0
24.402,0
24.404,0
24.407,0
24.409,0
24.412,0
24.414,0
24.417,0
24.419,0
24.422,0
24.424,0
24.427,0
24.429,0
24.432,0
24.434,0
24.437,0
24.439,0
24.442,0
24.444,0
24.447,0
24.449,0
24.452,0
24.454,0
24.457,0
24.459,0
24.462,0
24.464,0
24.467,0
24.469,0
24.472,0
24.474,0
24.477,0
24.479,0
24.482,0
24.484,0
24.487,0
24.489,0
24.492,0
24.494,0
24.497,0
24.499,0
24.502,0
24.504,0
24.507,0
24.509,0
24.512,0
24.514,0
24.517,0
24.519,0
24.522,0
24.524,0
24.527,0
24.529,0
24.532,0
24.534,0
24.537,0
24.539,0
24.542,0
24.544,0
24.547,0
24.549,0
24.552,0
24.554,0
24.557,0
24.559,0
24.562,0
24.565,0
24.567,0
24.57,0
24.573,0
24.576,0
24.58,0
24.584,0
24.588,0
24.593,0
24.598,0
24.604,0
24.611,0
24.617,0
24.624,0
24.631,0
24.637,0
24.644,0
24.65,0
24.657,0
24.663,0
24.67,0
24.677,0
24.683,0
24.69,0
24.696,0
24.703,0
24.71,0
24.715,0
24.72,0
24.724,0
24.727,0
24.731,0
24.734,0
24.737,0
24.74,0
24.742,0
24.745,0
24.747,0
24.75,0
24.752,0
24.755,0
24.757,0
24.76,0
24.762,0
24.765,0
24.767,0
24.77,0
24.772,0
24.775,0
24.777,0
24.78,0
24.782,0
24.785,0
24.787,0
24.79,0
24.792,0
24.795,0
24.797,0
24.8,0
24.802,0
24.805,0
24.807,0
24.81,0
24.812,0
24.815,0
24.817,0
24.82,0
24.822,0
24.825,0
24.827,0
24.83,0
24.832,0
24.835,0
24.837,0
24.84,0
24.842,0
24.845,0
24.847,0
24.85,0
24.852,0
24.855,0
24.857,0
24.86,0
24.862,0
24.865,0
24.867,0
24.87,0
24.872,0
24.875,0
24.877,0
24.88,0
24.882,0
24.885,0
24.887,0
24.89,0
24.892,0
24.895,0
24.897,0
24.9,0
24.902,0
24.905,0
24.907,0
24.91,0
24.912,0
24.915,0
24.917,0
24.92,0
24.922,0
24.925,0
24.927,0
24.93,0
24.932,0
24.935,0
24.937,0
24.94,0
24.942,0
24.945,0
24.947,0
24.95,0
24.952,0
24.955,0
24.957,0
24.96,0
24.962,0
24.965,0
24.967,0
24.97,0
24.972,0
24.975,0
24.977,0
24.98,0
24.982,0
24.985,0
24.987,0
24.99,0
24.992,0
24.995,0
24.997,0
25,0
25.002,0
25.005,0
25.007,0
25.01,0
25.012,0
25.015,0
25.017,0
25.02,0
25.022,0
25.025,0
25.027,0
25.03,0
25.033,0
25.036,0
25.039,0
25.043,0
25.047,0
25.051,0
25.055,0
25.061,0
25.067,0
25.074,0
25.081,0
25.087,0
25.094,0
25.101,0
25.107,0
25.114,0
25.121,0
25.127,0
25.134,0
25.141,0
25.147,0
25.154,0
25.161,0
25.168,0
25.173,0
25.178,0
25.182,0
25.186,0
25.19,0
25.193,0
25.196,0
25.199,0
25.201,0
25.204,0
25.206,0
25.209,0
25.211,0
25.214,0
25.216,0
25.219,0
25.221,0
25.224,0
25.226,0
25.229,0
25.231,0
25.234,0
25.236,0
25.239,0
25.241,0
25.244,0
25.246,0
25.249,0
25.251,0
25.254,0
25.256,0
25.259,0
25.261,0
25.264,0
25.266,0
25.269,0
25.271,0
25.274,0
25.276,0
25.279,0
25.281,0
25.284,0
25.286,0
25.289,0
25.291,0
25.294,0
25.296,0
25.299,0
25.301,0
25.304,0
25.306,0
25.309,0
25.311,0
25.314,0
25.316,0
25.319,0
25.321,0
25.324,0
25.326,0
25.329,0
25.331,0
25.334,0
25.336,0
25.339,0
25.341,0
25.344,0
25.346,0
25.349,0
25.351,0
25.354,0
25.356,0
25.359,0
25.361,0
25.364,0
25.366,0
25.369,0
25.371,0
25.374,0
25.376,0
25.379,0
25.381,0
25.384,0
25.386,0
25.389,0
25.391,0
25.394,0
25.396,0
25.399,0
25.401,0
25.404,0
25.406,0
25.409,0
25.411,0
25.414,0
25.416,0
25.419,0
25.421,0
25.424,0
25.426,0
25.429,0
25.431,0
25.434,0
25.436,0
25.439,0
25.441,0
25.444,0
25.446,0
25.449,0
25.451,0
25.454,0
25.456,0
25.459,0
25.461,0
25.464,0
25.466,0
25.469,0
25.471,0
25.474,0
25.476,0
25.479,0
25.482,0
25.485,0
25.488,0
25.491,0
25.495,0
25.499,0
25.503,0
25.508,0
25.514,0
25.521,0
25.528,0
25.535,0
25.541,0
25.548,0
25.555,0
25.562,0
25.568,0
25.575,0
25.582,0
25.589,0
25.595,0
25.602,0
25.609,0
25.616,0
25.621,0
25.626,0
25.63,0
25.634,0
25.637,0
25.64,0
25.643,0
25.646,0
25.649,0
25.651,0
25.654,0
25.656,0
25.659,0
25.661,0
25.664,0
25.666,0
25.669,0
25.671,0
25.674,0
25.676,0
25.679,0
25.681,0
25.684,0
25.686,0
25.689,0
25.691,0
25.694,0
25.696,0
25.699,0
25.701,0
25.704,0
25.706,0
25.709,0
25.711,0
25.714,0
25.716,0
25.719,0
25.721,0
25.724,0
25.726,0
25.729,0
25.731,0
25.734,0
25.736,0
25.739,0
25.741,0
25.744,0
25.746,0
25.749,0
25.751,0
25.754,0
25.756,0
25.759,0
25.761,0
25.764,0
25.766,0
25.769,0
25.771,0
25.774,0
25.776,0
25.779,0
25.781,0
25.784,0
25.786,0
25.789,0
25.791,0
25.794,0
25.796,0
25.799,0
25.801,0
25.804,0
25.806,0
25.809,0
25.811,0
25.814,0
25.816,0
25.819,0
25.821,0
25.824,0
25.826,0
25.829,0
25.831,0
25.834,0
25.836,0
25.839,0
25.841,0
25.844,0
25.846,0
25.849,0
25.851,0
25.854,0
25.856,0
25.859,0
25.861,0
25.864,0
25.866,0
25.869,0
25.871,0
25.874,0
25.876,0
25.879,0
25.881,0
25.884,0
25.886,0
25.889,0
25.891,0
25.894,0
25.896,0
25.899,0
25.901,0
25.904,0
25.906,0
25.909,0
25.911,0
25.914,0
25.916,0
25.919,0
25.922,0
25.925,0
25.928,0
25.931,0
25.935,0
25.939,0
25.944,0
25.949,0
25.956,0
25.963,0
25.97,0
25.976,0
25.983,0
25.99,0
25.997,0
26.004,0
26.011,0
26.017,0
26.024,0
26.031,0
26.038,0
26.045,0
26.052,0
26.058,0
26.063,0
26.067,0
26.07,0
26.074,0
26.077,0
26.08,0
26.083,0
26.085,0
26.088,0
26.09,0
26.093,0
26.095,0
26.098,0
26.1,0
26.103,0
26.105,0
26.108,0
26.11,0
26.113,0
26.115,0
26.118,0
26.12,0
26.123,0
26.125,0
26.128,0
26.13,0
26.133,0
26.135,0
26.138,0
26.14,0
26.143,0
26.145,0
26.148,0
26.15,0
26.153,0
26.155,0
26.158,0
26.16,0
26.163,0
26.165,0
26.168,0
26.17,0
26.173,0
26.175,0
26.178,0
26.18,0
26.183,0
26.185,0
26.188,0
26.19,0
26.193,0
26.195,0
26.198,0
26.2,0
26.203,0
26.205,0
26.208,0
26.21,0
26.213,0
26.215,0
26.218,0
26.22,0
26.223,0
26.225,0
26.228,0
26.23,0
26.233,0
26.235,0
26.238,0
26.24,0
26.243,0
26.245,0
26.248,0
26.25,0
26.253,0
26.255,0
26.258,0
26.26,0
26.263,0
26.265,0
26.268,0
26.27,0
26.273,0
26.275,0
26.278,0
26.28,0
26.283,0
26.285,0
26.288,0
26.29,0
26.293,0
26.295,0
26.298,0
26.3,0
26.303,0
26.305,0
26.308,0
26.31,0
26.313,0
26.315,0
26.318,0
26.32,0
26.323,0
26.325,0
26.328,0
26.33,0
26.333,0
26.335,0
26.338,0
26.34,0
26.343,0
26.345,0
26.348,0
26.351,0
26.354,0
26.357,0
26.36,0
26.364,0
26.368,0
26.372,0
26.378,0
26.384,0
26.391,0
26.398,0
26.405,0
26.412,0
26.419,0
26.426,0
26.433,0
26.44,0
26.446,0
26.453,0
26.46,0
26.467,0
26.474,0
26.481,0
26.487,0
26.491,0
26.495,0
26.499,0
26.502,0
26.505,0
26.508,0
26.511,0
26.514,0
26.516,0
26.519,0
26.521,0
26.524,0
26.526,0
26.529,0
26.531,0
26.534,0
26.536,0
26.539,0
26.541,0
26.544,0
26.546,0
26.549,0
26.551,0
26.554,0
26.556,0
26.559,0
26.561,0
26.564,0
26.566,0
26.569,0
26.571,0
26.574,0
26.576,0
26.579,0
26.581,0
26.584,0
26.586,0
26.589,0
26.591,0
26.594,0
26.596,0
26.599,0
26.601,0
26.604,0
26.606,0
26.609,0
26.611,0
26.614,0
26.616,0
26.619,0
26.621,0
26.624,0
26.626,0
26.629,0
26.631,0
26.634,0
26.636,0
26.639,0
26.641,0
26.644,0
26.646,0
26.649,0
26.651,0
26.654,0
26.656,0
26.659,0
26.661,0
26.664,0
26.666,0
26.669,0
26.671,0
26.674,0
26.676,0
26.679,0
26.681,0
26.684,0
26.686,0
26.689,0
26.691,0
26.694,0
26.696,0
26.699,0
26.701,0
26.704,0
26.706,0
26.709,0
26.711,0
26.714,0
26.716,0
26.719,0
26.721,0
26.724,0
26.726,0
26.729,0
26.731,0
26.734,0
26.736,0
26.739,0
26.741,0
26.744,0
26.746,0
26.749,0
26.751,0
26.754,0
26.756,0
26.759,0
26.761,0
26.764,0
26.766,0
26.769,0
26.771,0
26.774,0
26.777,0
26.78,0
26.784,0
26.788,0
26.792,0
26.797,0
26.803,0
26.81,0
26.817,0
26.824,0
26.831,0
26.838,0
26.845,0
26.852,0
26.859,0
26.866,0
26.873,0
26.88,0
26.887,0
26.894,0
26.902,0
26.907,0
26.912,0
26.916,0
26.919,0
26.923,0
26.926,0
26.928,0
26.931,0
26.934,0
26.936,0
26.939,0
26.941,0
26.944,0
26.946,0
26.949,0
26.951,0
26.954,0
26.956,0
26.959,0
26.961,0
26.964,0
26.966,0
26.969,0
26.971,0
26.974,0
26.976,0
26.979,0
26.981,0
26.984,0
26.986,0
26.989,0
26.991,0
26.994,0
26.996,0
26.999,0
27.001,0
27.004,0
27.006,0
27.009,0
27.011,0
27.014,0
27.016,0
27.019,0
27.021,0
27.024,0
27.026,0
27.029,0
27.031,0
27.034,0
27.036,0
27.039,0
27.041,0
27.044,0
27.046,0
27.049,0
27.051,0
27.054,0
27.056,0
27.059,0
27.061,0
27.064,0
27.066,0
27.069,0
27.071,0
27.074,0
27.076,0
27.079,0
27.081,0
27.084,0
27.086,0
27.089,0
27.091,0
27.094,0
27.096,0
27.099,0
27.101,0
27.104,0
27.106,0
27.109,0
27.111,0
27.114,0
27.116,0
27.119,0
27.121,0
27.124,0
27.126,0
27.129,0
27.131,0
27.134,0
27.136,0
27.139,0
27.141,0
27.144,0
27.146,0
27.149,0
27.151,0
27.154,0
27.156,0
27.159,0
27.161,0
27.164,0
27.166,0
27.169,0
27.171,0
27.174,0
27.176,0
27.179,0
27.181,0
27.184,0
27.187,0
27.189,0
27.193,0
27.196,0
27.2,0
27.204,0
27.208,0
27.213,0
27.22,0
27.227,0
27.234,0
27.242,0
27.249,0
27.256,0
27.263,0
27.27,0
27.277,0
27.284,0
27.292,0
27.299,0
27.306,0
27.313,0
27.319,0
27.324,0
27.328,0
27.332,0
27.335,0
27.338,0
27.341,0
27.344,0
27.347,0
27.349,0
27.352,0
27.354,0
27.357,0
27.359,0
27.362,0
27.364,0
27.367,0
27.369,0
27.372,0
27.374,0
27.377,0
27.379,0
27.382,0
27.384,0
27.387,0
27.389,0
27.392,0
27.394,0
27.397,0
27.399,0
27.402,0
27.404,0
27.407,0
27.409,0
27.412,0
27.414,0
27.417,0
27.419,0
27.422,0
27.424,0
27.427,0
27.429,0
27.432,0
27.434,0
27.437,0
27.439,0
27.442,0
27.444,0
27.447,0
27.449,0
27.452,0
27.454,0
27.457,0
27.459,0
27.462,0
27.464,0
27.467,0
27.469,0
27.472,0
27.474,0
27.477,0
27.479,0
27.482,0
27.484,0
27.487,0
27.489,0
27.492,0
27.494,0
27.497,0
27.499,0
27.502,0
27.504,0
27.507,0
27.509,0
27.512,0
27.514,0
27.517,0
27.519,0
27.522,0
27.524,0
27.527,0
27.529,0
27.532,0
27.534,0
27.537,0
27.539,0
27.542,0
27.544,0
27.547,0
27.549,0
27.552,0
27.554,0
27.557,0
27.559,0
27.562,0
27.564,0
27.567,0
27.569,0
27.572,0
27.574,0
27.577,0
27.579,0
27.582,0
27.584,0
27.587,0
27.589,0
27.592,0
27.595,0
27.597,0
27.601,0
27.604,0
27.608,0
27.612,0
27.616,0
27.622,0
27.628,0
27.636,0
27.643,0
27.65,0
27.658,0
27.665,0
27.672,0
27.679,0
27.687,0
27.694,0
27.701,0
27.709,0
27.716,0
27.723,0
27.728,0
27.733,0
27.737,0
27.74,0
27.743,0
27.746,0
27.749,0
27.752,0
27.754,0
27.757,0
27.759,0
27.762,0
27.764,0
27.767,0
27.769,0
27.772,0
27.774,0
27.777,0
27.779,0
27.782,0
27.784,0
27.787,0
27.789,0
27.792,0
27.794,0
27.797,0
27.799,0
27.802,0
27.804,0
27.807,0
27.809,0
27.812,0
27.814,0
27.817,0
27.819,0
27.822,0
27.824,0
27.827,0
27.829,0
27.832,0
27.834,0
27.837,0
27.839,0
27.842,0
27.844,0
27.847,0
27.849,0
27.852,0
27.854,0
27.857,0
27.859,0
27.862,0
27.864,0
27.867,0
27.869,0
27.872,0
27.874,0
27.877,0
27.879,0
27.882,0
27.884,0
27.887,0
27.889,0
27.892,0
27.894,0
27.897,0
27.899,0
27.902,0
27.904,0
27.907,0
27.909,0
27.912,0
27.914,0
27.917,0
27.919,0
27.922,0
27.924,0
27.927,0
27.929,0
27.932,0
27.934,0
27.937,0
27.939,0
27.942,0
27.944,0
27.947,0
27.949,0
27.952,0
27.954,0
27.957,0
27.959,0
27.962,0
27.964,0
27.967,0
27.969,0
27.972,0
27.974,0
27.977,0
27.979,0
27.982,0
27.984,0
27.987,0
27.989,0
27.992,0
27.994,0
27.997,0
28,0
28.004,0
28.007,0
28.011,0
28.015,0
28.02,0
28.026,0
28.033,0
28.041,0
28.048,0
28.055,0
28.063,0
28.07,0
28.078,0
28.085,0
28.092,0
28.1,0
28.107,0
28.115,0
28.122,0
28.128,0
28.133,0
28.137,0
28.141,0
28.144,0
28.147,0
28.15,0
28.153,0
28.155,0
28.158,0
28.16,0
28.163,0
28.165,0
28.168,0
28.17,0
28.173,0
28.175,0
28.178,0
28.18,0
28.183,0
28.185,0
28.188,0
28.19,0
28.193,0
28.195,0
28.198,0
28.2,0
28.203,0
28.205,0
28.208,0
28.21,0
28.213,0
28.215,0
28.218,0
28.22,0
28.223,0
28.225,0
28.228,0
28.23,0
28.233,0
28.235,0
28.238,0
28.24,0
28.243,0
28.245,0
28.248,0
28.25,0
28.253,0
28.255,0
28.258,0
28.26,0
28.263,0
28.265,0
28.268,0
28.27,0
28.273,0
28.275,0
28.278,0
28.28,0
28.283,0
28.285,0
28.288,0
28.29,0
28.293,0
28.295,0
28.298,0
28.3,0
28.303,0
28.305,0
28.308,0
28.31,0
28.313,0
28.315,0
28.318,0
28.32,0
28.323,0
28.325,0
28.328,0
28.33,0
28.333,0
28.335,0
28.338,0
28.34,0
28.343,0
28.345,0
28.348,0
28.35,0
28.353,0
28.355,0
28.358,0
28.36,0
28.363,0
28.365,0
28.368,0
28.37,0
28.373,0
28.375,0
28.378,0
28.38,0
28.383,0
28.385,0
28.388,0
28.39,0
28.393,0
28.396,0
28.399,0
28.402,0
28.406,0
28.41,0
28.414,0
28.42,0
28.426,0
28.434,0
28.441,0
28.449,0
28.457,0
28.464,0
28.472,0
28.479,0
28.487,0
28.494,0
28.502,0
28.509,0
28.517,0
28.523,0
28.528,0
28.532,0
28.536,0
28.54,0
28.543,0
28.546,0
28.548,0
28.551,0
28.553,0
28.556,0
28.558,0
28.561,0
28.563,0
28.566,0
28.568,0
28.571,0
28.573,0
28.576,0
28.578,0
28.581,0
28.583,0
28.586,0
28.588,0
28.591,0
28.593,0
28.596,0
28.598,0
28.601,0
28.603,0
28.606,0
28.608,0
28.611,0
28.613,0
28.616,0
28.618,0
28.621,0
28.623,0
28.626,0
28.628,0
28.631,0
28.633,0
28.636,0
28.638,0
28.641,0
28.643,0
28.646,0
28.648,0
28.651,0
28.653,0
28.656,0
28.658,0
28.661,0
28.663,0
28.666,0
28.668,0
28.671,0
28.673,0
28.676,0
28.678,0
28.681,0
28.683,0
28.686,0
28.688,0
28.691,0
28.693,0
28.696,0
28.698,0
28.701,0
28.703,0
28.706,0
28.708,0
28.711,0
28.713,0
28.716,0
28.718,0
28.721,0
28.723,0
28.726,0
28.728,0
28.731,0
28.733,0
28.736,0
28.738,0
28.741,0
28.743,0
28.746,0
28.748,0
28.751,0
28.753,0
28.756,0
28.758,0
28.761,0
28.763,0
28.766,0
28.768,0
28.771,0
28.773,0
28.776,0
28.778,0
28.781,0
28.784,0
28.786,0
28.789,0
28.792,0
28.796,0
28.8,0
28.804,0
28.809,0
28.815,0
28.822,0
28.83,0
28.837,0
28.845,0
28.853,0
28.86,0
28.868,0
28.876,0
28.883,0
28.891,0
28.899,0
28.906,0
28.913,0
28.919,0
28.923,0
28.927,0
28.931,0
28.934,0
28.937,0
28.94,0
28.942,0
28.945,0
28.947,0
28.95,0
28.952,0
28.955,0
28.957,0
28.96,0
28.962,0
28.965,0
28.967,0
28.97,0
28.972,0
28.975,0
28.977,0
28.98,0
28.982,0
28.985,0
28.987,0
28.99,0
28.992,0
28.995,0
28.997,0
29,0
29.002,0
29.005,0
29.007,0
29.01,0
29.012,0
29.015,0
29.017,0
29.02,0
29.022,0
29.025,0
29.027,0
29.03,0
29.032,0
29.035,0
29.037,0
29.04,0
29.042,0
29.045,0
29.047,0
29.05,0
29.052,0
29.055,0
29.057,0
29.06,0
29.062,0
29.065,0
29.067,0
29.07,0
29.072,0
29.075,0
29.077,0
29.08,0
29.082,0
29.085,0
29.087,0
29.09,0
29.092,0
29.095,0
29.097,0
29.1,0
29.102,0
29.105,0
29.107,0
29.11,0
29.112,0
29.115,0
29.117,0
29.12,0
29.122,0
29.125,0
29.127,0
29.13,0
29.132,0
29.135,0
29.137,0
29.14,0
29.142,0
29.145,0
29.147,0
29.15,0
29.152,0
29.155,0
29.157,0
29.16,0
29.162,0
29.165,0
29.167,0
29.17,0
29.172,0
29.175,0
29.178,0
29.182,0
29.185,0
29.189,0
29.194,0
29.199,0
29.205,0
29.213,0
29.221,0
29.228,0
29.236,0
29.244,0
29.252,0
29.26,0
29.267,0
29.275,0
29.283,0
29.291,0
29.299,0
29.305,0
29.309,0
29.313,0
29.317,0
29.32,0
29.323,0
29.326,0
29.329,0
29.331,0
29.334,0
29.336,0
29.339,0
29.341,0
29.344,0
29.346,0
29.349,0
29.351,0
29.354,0
29.356,0
29.359,0
29.361,0
29.364,0
29.366,0
29.369,0
29.371,0
29.374,0
29.376,0
29.379,0
29.381,0
29.384,0
29.386,0
29.389,0
29.391,0
29.394,0
29.396,0
29.399,0
29.401,0
29.404,0
29.406,0
29.409,0
29.411,0
29.414,0
29.416,0
29.419,0
29.421,0
29.424,0
29.426,0
29.429,0
29.431,0
29.434,0
29.436,0
29.439,0
29.441,0
29.444,0
29.446,0
29.449,0
29.451,0
29.454,0
29.456,0
29.459,0
29.461,0
29.464,0
29.466,0
29.469,0
29.471,0
29.474,0
29.476,0
29.479,0
29.481,0
29.484,0
29.486,0
29.489,0
29.491,0
29.494,0
29.496,0
29.499,0
29.501,0
29.504,0
29.506,0
29.509,0
29.511,0
29.514,0
29.516,0
29.519,0
29.521,0
29.524,0
29.526,0
29.529,0
29.531,0
29.534,0
29.536,0
29.539,0
29.541,0
29.544,0
29.546,0
29.549,0
29.551,0
29.554,0
29.557,0
29.56,0
29.563,0
29.566,0
29.57,0
29.574,0
29.578,0
29.584,0
29.59,0
29.598,0
29.606,0
29.614,0
29.622,0
29.63,0
29.638,0
29.646,0
29.654,0
29.662,0
29.67,0
29.678,0
29.685,0
29.69,0
29.694,0
29.698,0
29.702,0
29.705,0
29.708,0
29.711,0
29.713,0
29.716,0
29.718,0
29.721,0
29.723,0
29.726,0
29.728,0
29.731,0
29.733,0
29.736,0
29.738,0
29.741,0
29.743,0
29.746,0
29.748,0
29.751,0
29.753,0
29.756,0
29.758,0
29.761,0
29.763,0
29.766,0
29.768,0
29.771,0
29.773,0
29.776,0
29.778,0
29.781,0
29.783,0
29.786,0
29.788,0
29.791,0
29.793,0
29.796,0
29.798,0
29.801,0
29.803,0
29.806,0
29.808,0
29.811,0
29.813,0
29.816,0
29.818,0
29.821,0
29.823,0
29.826,0
29.828,0
29.831,0
29.833,0
29.836,0
29.838,0
29.841,0
29.843,0
29.846,0
29.848,0
29.851,0
29.853,0
29.856,0
29.858,0
29.861,0
29.863,0
29.866,0
29.868,0
29.871,0
29.873,0
29.876,0
29.878,0
29.881,0
29.883,0
29.886,0
29.888,0
29.891,0
29.893,0
29.896,0
29.898,0
29.901,0
29.903,0
29.906,0
29.908,0
29.911,0
29.913,0
29.916,0
29.918,0
29.921,0
29.923,0
29.926,0
29.928,0
29.931,0
29.933,0
29.936,0
29.939,0
29.942,0
29.945,0
29.949,0
29.953,0
29.957,0
29.962,0
29.968,0
29.976,0
29.984,0
29.992,0
30,0
30.008,0
30.016,0
30.024,0
30.032,0
30.04,0
30.048,0
30.057,0
30.064,0
30.069,0
30.074,0
30.078,0
30.082,0
30.085,0
30.088,0
30.091,0
30.093,0
30.096,0
30.098,0
30.101,0
30.103,0
30.106,0
30.108,0
30.111,0
30.113,0
30.116,0
30.118,0
30.121,0
30.123,0
30.126,0
30.128,0
30.131,0
30.133,0
30.136,0
30.138,0
30.141,0
30.143,0
30.146,0
30.148,0
30.151,0
30.153,0
30.156,0
30.158,0
30.161,0
30.163,0
30.166,0
30.168,0
30.171,0
30.173,0
30.176,0
30.178,0
30.181,0
30.183,0
30.186,0
30.188,0
30.191,0
30.193,0
30.196,0
30.198,0
30.201,0
30.203,0
30.206,0
30.208,0
30.211,0
30.213,0
30.216,0
30.218,0
30.221,0
30.223,0
30.226,0
30.228,0
30.231,0
30.233,0
30.236,0
30.238,0
30.241,0
30.243,0
30.246,0
30.248,0
30.251,0
30.253,0
30.256,0
30.258,0
30.261,0
30.263,0
30.266,0
30.268,0
30.271,0
30.273,0
30.276,0
30.278,0
30.281,0
30.283,0
30.286,0
30.288,0
30.291,0
30.293,0
30.296,0
30.298,0
30.301,0
30.303,0
30.306,0
30.308,0
30.311,0
30.313,0
30.316,0
30.319,0
30.323,0
30.326,0
30.33,0
30.335,0
30.34,0
30.346,0
30.354,0
30.362,0
30.371,0
30.379,0
30.387,0
30.395,0
30.404,0
30.412,0
30.42,0
30.428,0
30.437,0
30.443,0
30.448,0
30.453,0
30.457,0
30.46,0
30.463,0
30.466,0
30.469,0
30.472,0
30.474,0
30.477,0
30.479,0
30.482,0
30.484,0
30.487,0
30.489,0
30.492,0
30.494,0
30.497,0
30.499,0
30.502,0
30.504,0
30.507,0
30.509,0
30.512,0
30.514,0
30.517,0
30.519,0
30.522,0
30.524,0
30.527,0
30.529,0
30.532,0
30.534,0
30.537,0
30.539,0
30.542,0
30.544,0
30.547,0
30.549,0
30.552,0
30.554,0
30.557,0
30.559,0
30.562,0
30.564,0
30.567,0
30.569,0
30.572,0
30.574,0
30.577,0
30.579,0
30.582,0
30.584,0
30.587,0
30.589,0
30.592,0
30.594,0
30.597,0
30.599,0
30.602,0
30.604,0
30.607,0
30.609,0
30.612,0
30.614,0
30.617,0
30.619,0
30.622,0
30.624,0
30.627,0
30.629,0
30.632,0
30.634,0
30.637,0
30.639,0
30.642,0
30.644,0
30.647,0
30.649,0
30.652,0
30.654,0
30.657,0
30.659,0
30.662,0
30.664,0
30.667,0
30.669,0
30.672,0
30.674,0
30.677,0
30.679,0
30.682,0
30.684,0
30.687,0
30.689,0
30.692,0
30.696,0
30.699,0
30.703,0
30.707,0
30.712,0
30.717,0
30.724,0
30.732,0
30.741,0
30.749,0
30.758,0
30.766,0
30.774,0
30.783,0
30.791,0
30.8,0
30.808,0
30.816,0
30.821,0
30.826,0
30.83,0
30.834,0
30.837,0
30.84,0
30.843,0
30.845,0
30.848,0
30.85,0
30.853,0
30.855,0
30.858,0
30.86,0
30.863,0
30.865,0
30.868,0
30.87,0
30.873,0
30.875,0
30.878,0
30.88,0
30.883,0
30.885,0
30.888,0
30.89,0
30.893,0
30.895,0
30.898,0
30.9,0
30.903,0
30.905,0
30.908,0
30.91,0
30.913,0
30.915,0
30.918,0
30.92,0
30.923,0
30.925,0
30.928,0
30.93,0
30.933,0
30.935,0
30.938,0
30.94,0
30.943,0
30.945,0
30.948,0
30.95,0
30.953,0
30.955,0
30.958,0
30.96,0
30.963,0
30.965,0
30.968,0
30.97,0
30.973,0
30.975,0
30.978,0
30.98,0
30.983,0
30.985,0
30.988,0
30.99,0
30.993,0
30.995,0
30.998,0
31,0
31.003,0
31.005,0
31.008,0
31.01,0
31.013,0
31.015,0
31.018,0
31.02,0
31.023,0
31.025,0
31.028,0
31.03,0
31.033,0
31.035,0
31.038,0
31.04,0
31.043,0
31.045,0
31.048,0
31.05,0
31.053,0
31.055,0
31.058,0
31.061,0
31.064,0
31.067,0
31.07,0
31.074,0
31.078,0
31.082,0
31.088,0
31.094,0
31.103,0
31.112,0
31.12,0
31.129,0
31.137,0
31.146,0
31.154,0
31.163,0
31.171,0
31.18,0
31.187,0
31.193,0
31.198,0
31.202,0
31.205,0
31.209,0
31.212,0
31.215,0
31.217,0
31.22,0
31.222,0
31.225,0
31.227,0
31.23,0
31.232,0
31.235,0
31.237,0
31.24,0
31.242,0
31.245,0
31.247,0
31.25,0
31.252,0
31.255,0
31.257,0
31.26,0
31.262,0
31.265,0
31.267,0
31.27,0
31.272,0
31.275,0
31.277,0
31.28,0
31.282,0
31.285,0
31.287,0
31.29,0
31.292,0
31.295,0
31.297,0
31.3,0
31.302,0
31.305,0
31.307,0
31.31,0
31.312,0
31.315,0
31.317,0
31.32,0
31.322,0
31.325,0
31.327,0
31.33,0
31.332,0
31.335,0
31.337,0
31.34,0
31.342,0
31.345,0
31.347,0
31.35,0
31.352,0
31.355,0
31.357,0
31.36,0
31.362,0
31.365,0
31.367,0
31.37,0
31.372,0
31.375,0
31.377,0
31.38,0
31.382,0
31.385,0
31.387,0
31.39,0
31.392,0
31.395,0
31.397,0
31.4,0
31.402,0
31.405,0
31.407,0
31.41,0
31.412,0
31.415,0
31.417,0
31.42,0
31.422,0
31.425,0
31.427,0
31.43,0
31.433,0
31.436,0
31.44,0
31.443,0
31.447,0
31.452,0
31.458,0
31.464,0
31.473,0
31.482,0
31.491,0
31.499,0
31.508,0
31.517,0
31.525,0
31.534,0
31.542,0
31.551,0
31.558,0
31.564,0
31.568,0
31.572,0
31.576,0
31.579,0
31.582,0
31.585,0
31.587,0
31.59,0
31.592,0
31.595,0
31.597,0
31.6,0
31.602,0
31.605,0
31.607,0
31.61,0
31.612,0
31.615,0
31.617,0
31.62,0
31.622,0
31.625,0
31.627,0
31.63,0
31.632,0
31.635,0
31.637,0
31.64,0
31.642,0
31.645,0
31.647,0
31.65,0
31.652,0
31.655,0
31.657,0
31.66,0
31.662,0
31.665,0
31.667,0
31.67,0
31.672,0
31.675,0
31.677,0
31.68,0
31.682,0
31.685,0
31.687,0
31.69,0
31.692,0
31.695,0
31.697,0
31.7,0
31.702,0
31.705,0
31.707,0
31.71,0
31.712,0
31.715,0
31.717,0
31.72,0
31.722,0
31.725,0
31.727,0
31.73,0
31.732,0
31.735,0
31.737,0
31.74,0
31.742,0
31.745,0
31.747,0
31.75,0
31.752,0
31.755,0
31.757,0
31.76,0
31.762,0
31.765,0
31.767,0
31.77,0
31.772,0
31.775,0
31.777,0
31.78,0
31.782,0
31.785,0
31.787,0
31.79,0
31.792,0
31.795,0
31.798,0
31.801,0
31.804,0
31.807,0
31.811,0
31.815,0
31.82,0
31.826,0
31.833,0
31.842,0
31.851,0
31.86,0
31.868,0
31.877,0
31.886,0
31.895,0
31.904,0
31.912,0
31.921,0
31.928,0
31.933,0
31.937,0
31.941,0
31.944,0
31.947,0
31.95,0
31.953,0
31.956,0
31.958,0
31.961,0
31.963,0
31.966,0
31.968,0
31.971,0
31.973,0
31.976,0
31.978,0
31.981,0
31.983,0
31.986,0
31.988,0
31.991,0
31.993,0
31.996,0
31.998,0
32.001,0
32.003,0
32.006,0
32.008,0
32.011,0
32.013,0
32.016,0
32.018,0
32.021,0
32.023,0
32.026,0
32.028,0
32.031,0
32.033,0
32.036,0
32.038,0
32.041,0
32.043,0
32.046,0
32.048,0
32.051,0
32.053,0
32.056,0
32.058,0
32.061,0
32.063,0
32.066,0
32.068,0
32.071,0
32.073,0
32.076,0
32.078,0
32.081,0
32.083,0
32.086,0
32.088,0
32.091,0
32.093,0
32.096,0
32.098,0
32.101,0
32.103,0
32.106,0
32.108,0
32.111,0
32.113,0
32.116,0
32.118,0
32.121,0
32.123,0
32.126,0
32.128,0
32.131,0
32.133,0
32.136,0
32.138,0
32.141,0
32.143,0
32.146,0
32.148,0
32.151,0
32.153,0
32.156,0
32.158,0
32.161,0
32.164,0
32.167,0
32.17,0
32.174,0
32.178,0
32.182,0
32.187,0
32.193,0
32.201,0
32.21,0
32.219,0
32.228,0
32.237,0
32.246,0
32.255,0
32.264,0
32.273,0
32.282,0
32.29,0
32.295,0
32.3,0
32.304,0
32.308,0
32.311,0
32.314,0
32.317,0
32.32,0
32.322,0
32.325,0
32.327,0
32.33,0
32.332,0
32.335,0
32.337,0
32.34,0
32.342,0
32.345,0
32.347,0
32.35,0
32.352,0
32.355,0
32.357,0
32.36,0
32.362,0
32.365,0
32.367,0
32.37,0
32.372,0
32.375,0
32.377,0
32.38,0
32.382,0
32.385,0
32.387,0
32.39,0
32.392,0
32.395,0
32.397,0
32.4,0
32.402,0
32.405,0
32.407,0
32.41,0
32.412,0
32.415,0
32.417,0
32.42,0
32.422,0
32.425,0
32.427,0
32.43,0
32.432,0
32.435,0
32.437,0
32.44,0
32.442,0
32.445,0
32.447,0
32.45,0
32.452,0
32.455,0
32.457,0
32.46,0
32.462,0
32.465,0
32.467,0
32.47,0
32.472,0
32.475,0
32.477,0
32.48,0
32.482,0
32.485,0
32.487,0
32.49,0
32.492,0
32.495,0
32.497,0
32.5,0
32.502,0
32.505,0
32.507,0
32.51,0
32.512,0
32.515,0
32.517,0
32.52,0
32.522,0
32.525,0
32.528,0
32.531,0
32.535,0
32.538,0
32.542,0
32.547,0
32.553,0
32.559,0
32.568,0
32.577,0
32.586,0
32.595,0
32.605,0
32.614,0
32.623,0
32.632,0
32.641,0
32.65,0
32.657,0
32.662,0
32.666,0
32.67,0
32.674,0
32.677,0
32.68,0
32.683,0
32.685,0
32.688,0
32.69,0
32.693,0
32.695,0
32.698,0
32.7,0
32.703,0
32.705,0
32.708,0
32.71,0
32.713,0
32.715,0
32.718,0
32.72,0
32.723,0
32.725,0
32.728,0
32.73,0
32.733,0
32.735,0
32.738,0
32.74,0
32.743,0
32.745,0
32.748,0
32.75,0
32.753,0
32.755,0
32.758,0
32.76,0
32.763,0
32.765,0
32.768,0
32.77,0
32.773,0
32.775,0
32.778,0
32.78,0
32.783,0
32.785,0
32.788,0
32.79,0
32.793,0
32.795,0
32.798,0
32.8,0
32.803,0
32.805,0
32.808,0
32.81,0
32.813,0
32.815,0
32.818,0
32.82,0
32.823,0
32.825,0
32.828,0
32.83,0
32.833,0
32.835,0
32.838,0
32.84,0
32.843,0
32.845,0
32.848,0
32.85,0
32.853,0
32.855,0
32.858,0
32.86,0
32.863,0
32.865,0
32.868,0
32.87,0
32.873,0
32.875,0
32.878,0
32.88,0
32.883,0
32.885,0
32.888,0
32.891,0
32.894,0
32.898,0
32.902,0
32.906,0
32.911,0
32.916,0
32.923,0
32.933,0
32.942,0
32.951,0
32.96,0
32.97,0
32.979,0
32.988,0
32.997,0
33.007,0
33.015,0
33.021,0
33.026,0
33.03,0
33.034,0
33.037,0
33.04,0
33.043,0
33.046,0
33.048,0
33.051,0
33.053,0
33.056,0
33.058,0
33.061,0
33.063,0
33.066,0
33.068,0
33.071,0
33.073,0
33.076,0
33.078,0
33.081,0
33.083,0
33.086,0
33.088,0
33.091,0
33.093,0
33.096,0
33.098,0
33.101,0
33.103,0
33.106,0
33.108,0
33.111,0
33.113,0
33.116,0
33.118,0
33.121,0
33.123,0
33.126,0
33.128,0
33.131,0
33.133,0
33.136,0
33.138,0
33.141,0
33.143,0
33.146,0
33.148,0
33.151,0
33.153,0
33.156,0
33.158,0
33.161,0
33.163,0
33.166,0
33.168,0
33.171,0
33.173,0
33.176,0
33.178,0
33.181,0
33.183,0
33.186,0
33.188,0
33.191,0
33.193,0
33.196,0
33.198,0
33.201,0
33.203,0
33.206,0
33.208,0
33.211,0
33.213,0
33.216,0
33.218,0
33.221,0
33.223,0
33.226,0
33.228,0
33.231,0
33.233,0
33.236,0
33.238,0
33.241,0
33.243,0
33.246,0
33.249,0
33.252,0
33.255,0
33.259,0
33.263,0
33.267,0
33.272,0
33.278,0
33.285,0
33.295,0
33.304,0
33.314,0
33.323,0
33.332,0
33.342,0
33.351,0
33.361,0
33.37,0
33.378,0
33.383,0
33.388,0
33.392,0
33.396,0
33.399,0
33.402,0
33.405,0
33.408,0
33.41,0
33.413,0
33.415,0
33.418,0
33.42,0
33.423,0
33.425,0
33.428,0
33.43,0
33.433,0
33.435,0
33.438,0
33.44,0
33.443,0
33.445,0
33.448,0
33.45,0
33.453,0
33.455,0
33.458,0
33.46,0
33.463,0
33.465,0
33.468,0
33.47,0
33.473,0
33.475,0
33.478,0
33.48,0
33.483,0
33.485,0
33.488,0
33.49,0
33.493,0
33.495,0
33.498,0
33.5,0
33.503,0
33.505,0
33.508,0
33.51,0
33.513,0
33.515,0
33.518,0
33.52,0
33.523,0
33.525,0
33.528,0
33.53,0
33.533,0
33.535,0
33.538,0
33.54,0
33.543,0
33.545,0
33.548,0
33.55,0
33.553,0
33.555,0
33.558,0
33.56,0
33.563,0
33.565,0
33.568,0
33.57,0
33.573,0
33.575,0
33.578,0
33.58,0
33.583,0
33.585,0
33.588,0
33.59,0
33.593,0
33.595,0
33.598,0
33.6,0
33.603,0
33.605,0
33.608,0
33.611,0
33.615,0
33.618,0
33.622,0
33.626,0
33.631,0
33.637,0
33.644,0
33.654,0
33.664,0
33.673,0
33.683,0
33.693,0
33.702,0
33.712,0
33.721,0
33.731,0
33.739,0
33.744,0
33.749,0
33.753,0
33.757,0
33.76,0
33.763,0
33.766,0
33.769,0
33.771,0
33.774,0
33.776,0
33.779,0
33.781,0
33.784,0
33.786,0
33.789,0
33.791,0
33.794,0
33.796,0
33.799,0
33.801,0
33.804,0
33.806,0
33.809,0
33.811,0
33.814,0
33.816,0
33.819,0
33.821,0
33.824,0
33.826,0
33.829,0
33.831,0
33.834,0
33.836,0
33.839,0
33.841,0
33.844,0
33.846,0
33.849,0
33.851,0
33.854,0
33.856,0
33.859,0
33.861,0
33.864,0
33.866,0
33.869,0
33.871,0
33.874,0
33.876,0
33.879,0
33.881,0
33.884,0
33.886,0
33.889,0
33.891,0
33.894,0
33.896,0
33.899,0
33.901,0
33.904,0
33.906,0
33.909,0
33.911,0
33.914,0
33.916,0
33.919,0
33.921,0
33.924,0
33.926,0
33.929,0
33.931,0
33.934,0
33.936,0
33.939,0
33.941,0
33.944,0
33.946,0
33.949,0
33.951,0
33.954,0
33.956,0
33.959,0
33.961,0
33.964,0
33.967,0
33.97,0
33.973,0
33.976,0
33.98,0
33.984,0
33.989,0
33.994,0
34.001,0
34.01,0
34.02,0
34.029,0
34.039,0
34.049,0
34.059,0
34.068,0
34.078,0
34.088,0
34.096,0
34.102,0
34.107,0
34.111,0
34.115,0
34.118,0
34.121,0
34.124,0
34.127,0
34.13,0
34.132,0
34.135,0
34.137,0
34.14,0
34.142,0
34.145,0
34.147,0
34.15,0
34.152,0
34.155,0
34.157,0
34.16,0
34.162,0
34.165,0
34.167,0
34.17,0
34.172,0
34.175,0
34.177,0
34.18,0
34.182,0
34.185,0
34.187,0
34.19,0
34.192,0
34.195,0
34.197,0
34.2,0
34.202,0
34.205,0
34.207,0
34.21,0
34.212,0
34.215,0
34.217,0
34.22,0
34.222,0
34.225,0
34.227,0
34.23,0
34.232,0
34.235,0
34.237,0
34.24,0
34.242,0
34.245,0
34.247,0
34.25,0
34.252,0
34.255,0
34.257,0
34.26,0
34.262,0
34.265,0
34.267,0
34.27,0
34.272,0
34.275,0
34.277,0
34.28,0
34.282,0
34.285,0
34.287,0
34.29,0
34.292,0
34.295,0
34.297,0
34.3,0
34.302,0
34.305,0
34.307,0
34.31,0
34.312,0
34.315,0
34.317,0
34.32,0
34.323,0
34.326,0
34.329,0
34.332,0
34.336,0
34.34,0
34.345,0
34.35,0
34.357,0
34.365,0
34.375,0
34.385,0
34.395,0
34.405,0
34.415,0
34.425,0
34.435,0
34.445,0
34.453,0
34.459,0
34.464,0
34.468,0
34.472,0
34.475,0
34.479,0
34.481,0
34.484,0
34.487,0
34.489,0
34.492,0
34.494,0
34.497,0
34.499,0
34.502,0
34.504,0
34.507,0
34.509,0
34.512,0
34.514,0
34.517,0
34.519,0
34.522,0
34.524,0
34.527,0
34.529,0
34.532,0
34.534,0
34.537,0
34.539,0
34.542,0
34.544,0
34.547,0
34.549,0
34.552,0
34.554,0
34.557,0
34.559,0
34.562,0
34.564,0
34.567,0
34.569,0
34.572,0
34.574,0
34.577,0
34.579,0
34.582,0
34.584,0
34.587,0
34.589,0
34.592,0
34.594,0
34.597,0
34.599,0
34.602,0
34.604,0
34.607,0
34.609,0
34.612,0
34.614,0
34.617,0
34.619,0
34.622,0
34.624,0
34.627,0
34.629,0
34.632,0
34.634,0
34.637,0
34.639,0
34.642,0
34.644,0
34.647,0
34.649,0
34.652,0
34.654,0
34.657,0
34.659,0
34.662,0
34.664,0
34.667,0
34.669,0
34.672,0
34.674,0
34.677,0
34.68,0
34.683,0
34.686,0
34.69,0
34.694,0
34.698,0
34.703,0
34.709,0
34.716,0
34.726,0
34.737,0
34.747,0
34.757,0
34.767,0
34.777,0
34.787,0
34.797,0
34.807,0
34.813,0
34.818,0
34.823,0
34.827,0
34.83,0
34.833,0
34.836,0
34.839,0
34.842,0
34.844,0
34.847,0
34.849,0
34.852,0
34.854,0
34.857,0
34.859,0
34.862,0
34.864,0
34.867,0
34.869,0
34.872,0
34.874,0
34.877,0
34.879,0
34.882,0
34.884,0
34.887,0
34.889,0
34.892,0
34.894,0
34.897,0
34.899,0
34.902,0
34.904,0
34.907,0
34.909,0
34.912,0
34.914,0
34.917,0
34.919,0
34.922,0
34.924,0
34.927,0
34.929,0
34.932,0
34.934,0
34.937,0
34.939,0
34.942,0
34.944,0
34.947,0
34.949,0
34.952,0
34.954,0
34.957,0
34.959,0
34.962,0
34.964,0
34.967,0
34.969,0
34.972,0
34.974,0
34.977,0
34.979,0
34.982,0
34.984,0
34.987,0
34.989,0
34.992,0
34.994,0
34.997,0
34.999,0
35.002,0
35.004,0
35.007,0
35.009,0
35.012,0
35.014,0
35.017,0
35.019,0
35.022,0
35.024,0
35.027,0
35.03,0
35.032,0
35.035,0
35.038,0
35.042,0
35.045,0
35.049,0
35.053,0
35.058,0
35.064,0
35.072,0
35.082,0
35.092,0
35.102,0
35.113,0
35.123,0
35.133,0
35.143,0
35.153,0
35.163,0
35.169,0
35.174,0
35.179,0
35.183,0
35.186,0
35.19,0
35.193,0
35.195,0
35.198,0
35.201,0
35.203,0
35.206,0
35.208,0
35.211,0
35.213,0
35.216,0
35.218,0
35.221,0
35.223,0
35.226,0
35.228,0
35.231,0
35.233,0
35.236,0
35.238,0
35.241,0
35.243,0
35.246,0
35.248,0
35.251,0
35.253,0
35.256,0
35.258,0
35.261,0
35.263,0
35.266,0
35.268,0
35.271,0
35.273,0
35.276,0
35.278,0
35.281,0
35.283,0
35.286,0
35.288,0
35.291,0
35.293,0
35.296,0
35.298,0
35.301,0
35.303,0
35.306,0
35.308,0
35.311,0
35.313,0
35.316,0
35.318,0
35.321,0
35.323,0
35.326,0
35.328,0
35.331,0
35.333,0
35.336,0
35.338,0
35.341,0
35.343,0
35.346,0
35.348,0
35.351,0
35.353,0
35.356,0
35.358,0
35.361,0
35.363,0
35.366,0
35.368,0
35.371,0
35.373,0
35.376,0
35.378,0
35.381,0
35.383,0
35.386,0
35.389,0
35.392,0
35.395,0
35.398,0
35.402,0
35.407,0
35.411,0
35.417,0
35.424,0
35.433,0
35.443,0
35.454,0
35.464,0
35.474,0
35.485,0
35.495,0
35.505,0
35.516,0
35.523,0
35.529,0
35.533,0
35.537,0
35.541,0
35.544,0
35.547,0
35.55,0
35.553,0
35.556,0
35.558,0
35.561,0
35.563,0
35.566,0
35.568,0
35.571,0
35.573,0
35.576,0
35.578,0
35.581,0
35.583,0
35.586,0
35.588,0
35.591,0
35.593,0
35.596,0
35.598,0
35.601,0
35.603,0
35.606,0
35.608,0
35.611,0
35.613,0
35.616,0
35.618,0
35.621,0
35.623,0
35.626,0
35.628,0
35.631,0
35.633,0
35.636,0
35.638,0
35.641,0
35.643,0
35.646,0
35.648,0
35.651,0
35.653,0
35.656,0
35.658,0
35.661,0
35.663,0
35.666,0
35.668,0
35.671,0
35.673,0
35.676,0
35.678,0
35.681,0
35.683,0
35.686,0
35.688,0
35.691,0
35.693,0
35.696,0
35.698,0
35.701,0
35.703,0
35.706,0
35.708,0
35.711,0
35.713,0
35.716,0
35.718,0
35.721,0
35.723,0
35.726,0
35.728,0
35.731,0
35.733,0
35.736,0
35.738,0
35.741,0
35.744,0
35.747,0
35.75,0
35.754,0
35.758,0
35.762,0
35.767,0
35.773,0
35.78,0
35.79,0
35.801,0
35.811,0
35.822,0
35.832,0
35.843,0
35.853,0
35.864,0
35.873,0
35.88,0
35.885,0
35.89,0
35.894,0
35.897,0
35.9,0
35.904,0
35.906,0
35.909,0
35.912,0
35.914,0
35.917,0
35.919,0
35.922,0
35.924,0
35.927,0
35.929,0
35.932,0
35.934,0
35.937,0
35.939,0
35.942,0
35.944,0
35.947,0
35.949,0
35.952,0
35.954,0
35.957,0
35.959,0
35.962,0
35.964,0
35.967,0
35.969,0
35.972,0
35.974,0
35.977,0
35.979,0
35.982,0
35.984,0
35.987,0
35.989,0
35.992,0
35.994,0
35.997,0
35.999,0
36.002,0
36.004,0
36.007,0
36.009,0
36.012,0
36.014,0
36.017,0
36.019,0
36.022,0
36.024,0
36.027,0
36.029,0
36.032,0
36.034,0
36.037,0
36.039,0
36.042,0
36.044,0
36.047,0
36.049,0
36.052,0
36.054,0
36.057,0
36.059,0
36.062,0
36.064,0
36.067,0
36.069,0
36.072,0
36.074,0
36.077,0
36.079,0
36.082,0
36.084,0
36.087,0
36.089,0
36.092,0
36.095,0
36.097,0
36.1,0
36.104,0
36.107,0
36.111,0
36.116,0
36.12,0
36.126,0
36.133,0
36.143,0
36.153,0
36.164,0
36.175,0
36.185,0
36.196,0
36.207,0
36.218,0
36.228,0
36.235,0
36.24,0
36.245,0
36.249,0
36.252,0
36.255,0
36.259,0
36.261,0
36.264,0
36.267,0
36.269,0
36.272,0
36.274,0
36.277,0
36.279,0
36.282,0
36.284,0
36.287,0
36.289,0
36.292,0
36.294,0
36.297,0
36.299,0
36.302,0
36.304,0
36.307,0
36.309,0
36.312,0
36.314,0
36.317,0
36.319,0
36.322,0
36.324,0
36.327,0
36.329,0
36.332,0
36.334,0
36.337,0
36.339,0
36.342,0
36.344,0
36.347,0
36.349,0
36.352,0
36.354,0
36.357,0
36.359,0
36.362,0
36.364,0
36.367,0
36.369,0
36.372,0
36.374,0
36.377,0
36.379,0
36.382,0
36.384,0
36.387,0
36.389,0
36.392,0
36.394,0
36.397,0
36.399,0
36.402,0
36.404,0
36.407,0
36.409,0
36.412,0
36.414,0
36.417,0
36.419,0
36.422,0
36.424,0
36.427,0
36.429,0
36.432,0
36.434,0
36.437,0
36.439,0
36.442,0
36.444,0
36.447,0
36.45,0
36.453,0
36.456,0
36.46,0
36.463,0
36.467,0
36.472,0
36.477,0
36.484,0
36.492,0
36.503,0
36.514,0
36.525,0
36.536,0
36.547,0
36.558,0
36.569,0
36.58,0
36.587,0
36.593,0
36.598,0
36.602,0
36.606,0
36.61,0
36.613,0
36.616,0
36.619,0
36.621,0
36.624,0
36.626,0
36.629,0
36.631,0
36.634,0
36.636,0
36.639,0
36.641,0
36.644,0
36.646,0
36.649,0
36.651,0
36.654,0
36.656,0
36.659,0
36.661,0
36.664,0
36.666,0
36.669,0
36.671,0
36.674,0
36.676,0
36.679,0
36.681,0
36.684,0
36.686,0
36.689,0
36.691,0
36.694,0
36.696,0
36.699,0
36.701,0
36.704,0
36.706,0
36.709,0
36.711,0
36.714,0
36.716,0
36.719,0
36.721,0
36.724,0
36.726,0
36.729,0
36.731,0
36.734,0
36.736,0
36.739,0
36.741,0
36.744,0
36.746,0
36.749,0
36.751,0
36.754,0
36.756,0
36.759,0
36.761,0
36.764,0
36.766,0
36.769,0
36.771,0
36.774,0
36.776,0
36.779,0
36.781,0
36.784,0
36.786,0
36.789,0
36.791,0
36.794,0
36.796,0
36.799,0
36.802,0
36.805,0
36.808,0
36.811,0
36.814,0
36.818,0
36.823,0
36.828,0
36.833,0
36.84,0
36.849,0
36.861,0
36.872,0
36.883,0
36.894,0
36.905,0
36.916,0
36.927,0
36.937,0
36.944,0
36.949,0
36.954,0
36.958,0
36.962,0
36.965,0
36.968,0
36.971,0
36.974,0
36.976,0
36.979,0
36.981,0
36.984,0
36.986,0
36.989,0
36.991,0
36.994,0
36.996,0
36.999,0
37.001,0
37.004,0
37.006,0
37.009,0
37.011,0
37.014,0
37.016,0
37.019,0
37.021,0
37.024,0
37.026,0
37.029,0
37.031,0
37.034,0
37.036,0
37.039,0
37.041,0
37.044,0
37.046,0
37.049,0
37.051,0
37.054,0
37.056,0
37.059,0
37.061,0
37.064,0
37.066,0
37.069,0
37.071,0
37.074,0
37.076,0
37.079,0
37.081,0
37.084,0
37.086,0
37.089,0
37.091,0
37.094,0
37.096,0
37.099,0
37.101,0
37.104,0
37.106,0
37.109,0
37.111,0
37.114,0
37.116,0
37.119,0
37.121,0
37.124,0
37.126,0
37.129,0
37.131,0
37.134,0
37.136,0
37.139,0
37.141,0
37.144,0
37.146,0
37.149,0
37.151,0
37.154,0
37.157,0
37.16,0
37.163,0
37.167,0
37.171,0
37.175,0
37.179,0
37.185,0
37.191,0
37.199,0
37.211,0
37.222,0
37.233,0
37.244,0
37.255,0
37.266,0
37.278,0
37.289,0
37.296,0
37.302,0
37.307,0
37.311,0
37.315,0
37.318,0
37.321,0
37.324,0
37.327,0
37.33,0
37.332,0
37.335,0
37.337,0
37.34,0
37.342,0
37.345,0
37.347,0
37.35,0
37.352,0
37.355,0
37.357,0
37.36,0
37.362,0
37.365,0
37.367,0
37.37,0
37.372,0
37.375,0
37.377,0
37.38,0
37.382,0
37.385,0
37.387,0
37.39,0
37.392,0
37.395,0
37.397,0
37.4,0
37.402,0
37.405,0
37.407,0
37.41,0
37.412,0
37.415,0
37.417,0
37.42,0
37.422,0
37.425,0
37.427,0
37.43,0
37.432,0
37.435,0
37.437,0
37.44,0
37.442,0
37.445,0
37.447,0
37.45,0
37.452,0
37.455,0
37.457,0
37.46,0
37.462,0
37.465,0
37.467,0
37.47,0
37.472,0
37.475,0
37.477,0
37.48,0
37.482,0
37.485,0
37.487,0
37.49,0
37.492,0
37.495,0
37.497,0
37.5,0
37.502,0
37.505,0
37.508,0
37.511,0
37.514,0
37.517,0
37.52,0
37.524,0
37.529,0
37.533,0
37.539,0
37.546,0
37.554,0
37.566,0
37.577,0
37.588,0
37.6,0
37.611,0
37.622,0
37.634,0
37.644,0
37.651,0
37.656,0
37.661,0
37.665,0
37.669,0
37.672,0
37.675,0
37.678,0
37.681,0
37.683,0
37.686,0
37.688,0
37.691,0
37.693,0
37.696,0
37.698,0
37.701,0
37.703,0
37.706,0
37.708,0
37.711,0
37.713,0
37.716,0
37.718,0
37.721,0
37.723,0
37.726,0
37.728,0
37.731,0
37.733,0
37.736,0
37.738,0
37.741,0
37.743,0
37.746,0
37.748,0
37.751,0
37.753,0
37.756,0
37.758,0
37.761,0
37.763,0
37.766,0
37.768,0
37.771,0
37.773,0
37.776,0
37.778,0
37.781,0
37.783,0
37.786,0
37.788,0
37.791,0
37.793,0
37.796,0
37.798,0
37.801,0
37.803,0
37.806,0
37.808,0
37.811,0
37.813,0
37.816,0
37.818,0
37.821,0
37.823,0
37.826,0
37.828,0
37.831,0
37.833,0
37.836,0
37.838,0
37.841,0
37.843,0
37.846,0
37.848,0
37.851,0
37.853,0
37.856,0
37.859,0
37.862,0
37.865,0
37.868,0
37.871,0
37.875,0
37.879,0
37.884,0
37.889,0
37.895,0
37.903,0
37.914,0
37.926,0
37.937,0
37.949,0
37.96,0
37.972,0
37.983,0
37.995,0
38.003,0
38.009,0
38.013,0
38.018,0
38.022,0
38.025,0
38.028,0
38.031,0
38.034,0
38.037,0
38.04,0
38.042,0
38.045,0
38.047,0
38.05,0
38.052,0
38.055,0
38.057,0
38.06,0
38.062,0
38.065,0
38.067,0
38.07,0
38.072,0
38.075,0
38.077,0
38.08,0
38.082,0
38.085,0
38.087,0
38.09,0
38.092,0
38.095,0
38.097,0
38.1,0
38.102,0
38.105,0
38.107,0
38.11,0
38.112,0
38.115,0
38.117,0
38.12,0
38.122,0
38.125,0
38.127,0
38.13,0
38.132,0
38.135,0
38.137,0
38.14,0
38.142,0
38.145,0
38.147,0
38.15,0
38.152,0
38.155,0
38.157,0
38.16,0
38.162,0
38.165,0
38.167,0
38.17,0
38.172,0
38.175,0
38.177,0
38.18,0
38.182,0
38.185,0
38.187,0
38.19,0
38.192,0
38.195,0
38.197,0
38.2,0
38.202,0
38.205,0
38.207,0
38.21,0
38.212,0
38.215,0
38.218,0
38.222,0
38.225,0
38.229,0
38.233,0
38.238,0
38.243,0
38.249,0
38.257,0
38.269,0
38.28,0
38.292,0
38.303,0
38.315,0
38.327,0
38.338,0
38.35,0
38.357,0
38.363,0
38.368,0
38.372,0
38.376,0
38.379,0
38.383,0
38.386,0
38.388,0
38.391,0
38.394,0
38.396,0
38.399,0
38.401,0
38.404,0
38.406,0
38.409,0
38.411,0
38.414,0
38.416,0
38.419,0
38.421,0
38.424,0
38.426,0
38.429,0
38.431,0
38.434,0
38.436,0
38.439,0
38.441,0
38.444,0
38.446,0
38.449,0
38.451,0
38.454,0
38.456,0
38.459,0
38.461,0
38.464,0
38.466,0
38.469,0
38.471,0
38.474,0
38.476,0
38.479,0
38.481,0
38.484,0
38.486,0
38.489,0
38.491,0
38.494,0
38.496,0
38.499,0
38.501,0
38.504,0
38.506,0
38.509,0
38.511,0
38.514,0
38.516,0
38.519,0
38.521,0
38.524,0
38.526,0
38.529,0
38.531,0
38.534,0
38.536,0
38.539,0
38.541,0
38.544,0
38.546,0
38.549,0
38.551,0
38.554,0
38.556,0
38.559,0
38.561,0
38.564,0
38.567,0
38.57,0
38.573,0
38.577,0
38.58,0
38.584,0
38.589,0
38.594,0
38.6,0
38.607,0
38.617,0
38.629,0
38.641,0
38.653,0
38.665,0
38.677,0
38.688,0
38.7,0
38.709,0
38.715,0
38.72,0
38.725,0
38.729,0
38.732,0
38.736,0
38.739,0
38.742,0
38.745,0
38.747,0
38.75,0
38.752,0
38.755,0
38.757,0
38.76,0
38.762,0
38.765,0
38.767,0
38.77,0
38.772,0
38.775,0
38.777,0
38.78,0
38.782,0
38.785,0
38.787,0
38.79,0
38.792,0
38.795,0
38.797,0
38.8,0
38.802,0
38.805,0
38.807,0
38.81,0
38.812,0
38.815,0
38.817,0
38.82,0
38.822,0
38.825,0
38.827,0
38.83,0
38.832,0
38.835,0
38.837,0
38.84,0
38.842,0
38.845,0
38.847,0
38.85,0
38.852,0
38.855,0
38.857,0
38.86,0
38.862,0
38.865,0
38.867,0
38.87,0
38.872,0
38.875,0
38.877,0
38.88,0
38.882,0
38.885,0
38.887,0
38.89,0
38.892,0
38.895,0
38.897,0
38.9,0
38.902,0
38.905,0
38.907,0
38.91,0
38.912,0
38.915,0
38.918,0
38.92,0
38.923,0
38.927,0
38.93,0
38.934,0
38.938,0
38.943,0
38.948,0
38.954,0
38.961,0
38.971,0
38.983,0
38.995,0
39.007,0
39.019,0
39.031,0
39.043,0
39.055,0
39.063,0
39.07,0
39.075,0
39.079,0
39.083,0
39.087,0
39.09,0
39.093,0
39.096,0
39.099,0
39.101,0
39.104,0
39.106,0
39.109,0
39.111,0
39.114,0
39.116,0
39.119,0
39.121,0
39.124,0
39.126,0
39.129,0
39.131,0
39.134,0
39.136,0
39.139,0
39.141,0
39.144,0
39.146,0
39.149,0
39.151,0
39.154,0
39.156,0
39.159,0
39.161,0
39.164,0
39.166,0
39.169,0
39.171,0
39.174,0
39.176,0
39.179,0
39.181,0
39.184,0
39.186,0
39.189,0
39.191,0
39.194,0
39.196,0
39.199,0
39.201,0
39.204,0
39.206,0
39.209,0
39.211,0
39.214,0
39.216,0
39.219,0
39.221,0
39.224,0
39.226,0
39.229,0
39.231,0
39.234,0
39.236,0
39.239,0
39.241,0
39.244,0
39.246,0
39.249,0
39.251,0
39.254,0
39.256,0
39.259,0
39.261,0
39.264,0
39.266,0
39.269,0
39.272,0
39.275,0
39.278,0
39.281,0
39.285,0
39.289,0
39.293,0
39.298,0
39.303,0
39.31,0
39.318,0
39.33,0
39.342,0
39.354,0
39.367,0
39.379,0
39.391,0
39.403,0
39.414,0
39.421,0
39.427,0
39.431,0
39.436,0
39.44,0
39.443,0
39.446,0
39.449,0
39.452,0
39.455,0
39.458,0
39.46,0
39.463,0
39.465,0
39.468,0
39.47,0
39.473,0
39.475,0
39.478,0
39.48,0
39.483,0
39.485,0
39.488,0
39.49,0
39.493,0
39.495,0
39.498,0
39.5,0
39.503,0
39.505,0
39.508,0
39.51,0
39.513,0
39.515,0
39.518,0
39.52,0
39.523,0
39.525,0
39.528,0
39.53,0
39.533,0
39.535,0
39.538,0
39.54,0
39.543,0
39.545,0
39.548,0
39.55,0
39.553,0
39.555,0
39.558,0
39.56,0
39.563,0
39.565,0
39.568,0
39.57,0
39.573,0
39.575,0
39.578,0
39.58,0
39.583,0
39.585,0
39.588,0
39.59,0
39.593,0
39.595,0
39.598,0
39.6,0
39.603,0
39.605,0
39.608,0
39.61,0
39.613,0
39.615,0
39.618,0
39.62,0
39.623,0
39.626,0
39.629,0
39.632,0
39.635,0
39.639,0
39.643,0
39.647,0
39.652,0
39.657,0
39.664,0
39.672,0
39.684,0
39.696,0
39.709,0
39.721,0
39.733,0
39.745,0
39.758,0
39.768,0
39.775,0
39.781,0
39.786,0
39.79,0
39.794,0
39.797,0
39.801,0
39.804,0
39.806,0
39.809,0
39.812,0
39.814,0
39.817,0
39.819,0
39.822,0
39.824,0
39.827,0
39.829,0
39.832,0
39.834,0
39.837,0
39.839,0
39.842,0
39.844,0
39.847,0
39.849,0
39.852,0
39.854,0
39.857,0
39.859,0
39.862,0
39.864,0
39.867,0
39.869,0
39.872,0
39.874,0
39.877,0
39.879,0
39.882,0
39.884,0
39.887,0
39.889,0
39.892,0
39.894,0
39.897,0
39.899,0
39.902,0
39.904,0
39.907,0
39.909,0
39.912,0
39.914,0
39.917,0
39.919,0
39.922,0
39.924,0
39.927,0
39.929,0
39.932,0
39.934,0
39.937,0
39.939,0
39.942,0
39.944,0
39.947,0
39.949,0
39.952,0
39.954,0
39.957,0
39.959,0
39.962,0
39.964,0
39.967,0
39.969,0
39.972,0
39.974,0
39.977,0
39.98,0
39.983,0
39.986,0
39.99,0
39.994,0
39.998,0
40.002,0
40.007,0
40.013,0
40.02,0
40.03,0
40.042,0
40.055,0
40.067,0
40.08,0
40.092,0
40.105,0
40.117,0
40.126,0
40.132,0
40.138,0
40.142,0
40.146,0
40.15,0
40.153,0
40.157,0
40.16,0
40.163,0
40.165,0
40.168,0
40.17,0
40.173,0
40.175,0
40.178,0
40.18,0
40.183,0
40.185,0
40.188,0
40.19,0
40.193,0
40.195,0
40.198,0
40.2,0
40.203,0
40.205,0
40.208,0
40.21,0
40.213,0
40.215,0
40.218,0
40.22,0
40.223,0
40.225,0
40.228,0
40.23,0
40.233,0
40.235,0
40.238,0
40.24,0
40.243,0
40.245,0
40.248,0
40.25,0
40.253,0
40.255,0
40.258,0
40.26,0
40.263,0
40.265,0
40.268,0
40.27,0
40.273,0
40.275,0
40.278,0
40.28,0
40.283,0
40.285,0
40.288,0
40.29,0
40.293,0
40.295,0
40.298,0
40.3,0
40.303,0
40.305,0
40.308,0
40.31,0
40.313,0
40.315,0
40.318,0
40.32,0
40.323,0
40.325,0
40.328,0
40.331,0
40.334,0
40.337,0
40.34,0
40.343,0
40.347,0
40.351,0
40.355,0
40.36,0
40.366,0
40.373,0
40.382,0
40.395,0
40.408,0
40.42,0
40.433,0
40.445,0
40.458,0
40.471,0
40.48,0
40.487,0
40.492,0
40.497,0
40.501,0
40.505,0
40.508,0
40.511,0
40.514,0
40.517,0
40.52,0
40.523,0
40.525,0
40.528,0
40.53,0
40.533,0
40.535,0
40.538,0
40.54,0
40.543,0
40.545,0
40.548,0
40.55,0
40.553,0
40.555,0
40.558,0
40.56,0
40.563,0
40.565,0
40.568,0
40.57,0
40.573,0
40.575,0
40.578,0
40.58,0
40.583,0
40.585,0
40.588,0
40.59,0
40.593,0
40.595,0
40.598,0
40.6,0
40.603,0
40.605,0
40.608,0
40.61,0
40.613,0
40.615,0
40.618,0
40.62,0
40.623,0
40.625,0
40.628,0
40.63,0
40.633,0
40.635,0
40.638,0
40.64,0
40.643,0
40.645,0
40.648,0
40.65,0
40.653,0
40.655,0
40.658,0
40.66,0
40.663,0
40.665,0
40.668,0
40.67,0
40.673,0
40.675,0
40.678,0
40.68,0
40.683,0
40.686,0
40.689,0
40.692,0
40.695,0
40.699,0
40.702,0
40.707,0
40.711,0
40.716,0
40.722,0
40.729,0
40.739,0
40.752,0
40.765,0
40.777,0
40.79,0
40.803,0
40.816,0
40.829,0
40.838,0
40.844,0
40.849,0
40.854,0
40.858,0
40.862,0
40.865,0
40.868,0
40.871,0
40.874,0
40.877,0
40.88,0
40.882,0
40.885,0
40.887,0
40.89,0
40.892,0
40.895,0
40.897,0
40.9,0
40.902,0
40.905,0
40.907,0
40.91,0
40.912,0
40.915,0
40.917,0
40.92,0
40.922,0
40.925,0
40.927,0
40.93,0
40.932,0
40.935,0
40.937,0
40.94,0
40.942,0
40.945,0
40.947,0
40.95,0
40.952,0
40.955,0
40.957,0
40.96,0
40.962,0
40.965,0
40.967,0
40.97,0
40.972,0
40.975,0
40.977,0
40.98,0
40.982,0
40.985,0
40.987,0
40.99,0
40.992,0
40.995,0
40.997,0
41,0
41.002,0
41.005,0
41.007,0
41.01,0
41.012,0
41.015,0
41.017,0
41.02,0
41.022,0
41.025,0
41.027,0
41.03,0
41.032,0
41.035,0
41.037,0
41.04,0
41.043,0
41.046,0
41.049,0
41.053,0
41.056,0
41.06,0
41.065,0
41.07,0
41.075,0
41.082,0
41.09,0
41.102,0
41.115,0
41.128,0
41.141,0
41.154,0
41.167,0
41.18,0
41.191,0
41.198,0
41.204,0
41.208,0
41.213,0
41.217,0
41.22,0
41.224,0
41.227,0
41.23,0
41.232,0
41.235,0
41.238,0
41.24,0
41.243,0
41.245,0
41.248,0
41.25,0
41.253,0
41.255,0
41.258,0
41.26,0
41.263,0
41.265,0
41.268,0
41.27,0
41.273,0
41.275,0
41.278,0
41.28,0
41.283,0
41.285,0
41.288,0
41.29,0
41.293,0
41.295,0
41.298,0
41.3,0
41.303,0
41.305,0
41.308,0
41.31,0
41.313,0
41.315,0
41.318,0
41.32,0
41.323,0
41.325,0
41.328,0
41.33,0
41.333,0
41.335,0
41.338,0
41.34,0
41.343,0
41.345,0
41.348,0
41.35,0
41.353,0
41.355,0
41.358,0
41.36,0
41.363,0
41.365,0
41.368,0
41.37,0
41.373,0
41.375,0
41.378,0
41.38,0
41.383,0
41.385,0
41.388,0
41.39,0
41.393,0
41.396,0
41.399,0
41.402,0
41.405,0
41.408,0
41.412,0
41.416,0
41.42,0
41.425,0
41.431,0
41.437,0
41.446,0
41.457,0
41.47,0
41.483,0
41.497,0
41.51,0
41.523,0
41.536,0
41.547,0
41.554,0
41.56,0
41.565,0
41.569,0
41.573,0
41.577,0
41.58,0
41.584,0
41.586,0
41.589,0
41.592,0
41.595,0
41.597,0
41.6,0
41.602,0
41.605,0
41.607,0
41.61,0
41.612,0
41.615,0
41.617,0
41.62,0
41.622,0
41.625,0
41.627,0
41.63,0
41.632,0
41.635,0
41.637,0
41.64,0
41.642,0
41.645,0
41.647,0
41.65,0
41.652,0
41.655,0
41.657,0
41.66,0
41.662,0
41.665,0
41.667,0
41.67,0
41.672,0
41.675,0
41.677,0
41.68,0
41.682,0
41.685,0
41.687,0
41.69,0
41.692,0
41.695,0
41.697,0
41.7,0
41.702,0
41.705,0
41.707,0
41.71,0
41.712,0
41.715,0
41.717,0
41.72,0
41.722,0
41.725,0
41.727,0
41.73,0
41.732,0
41.735,0
41.737,0
41.74,0
41.742,0
41.745,0
41.747,0
41.75,0
41.753,0
41.756,0
41.759,0
41.762,0
41.766,0
41.769,0
41.774,0
41.778,0
41.783,0
41.789,0
41.796,0
41.805,0
41.819,0
41.832,0
41.846,0
41.859,0
41.872,0
41.886,0
41.899,0
41.908,0
41.914,0
41.92,0
41.924,0
41.928,0
41.932,0
41.936,0
41.939,0
41.942,0
41.945,0
41.948,0
41.95,0
41.953,0
41.956,0
41.958,0
41.961,0
41.963,0
41.966,0
41.968,0
41.971,0
41.973,0
41.976,0
41.978,0
41.981,0
41.983,0
41.986,0
41.988,0
41.991,0
41.993,0
41.996,0
41.998,0
42.001,0
42.003,0
42.006,0
42.008,0
42.011,0
42.013,0
42.016,0
42.018,0
42.021,0
42.023,0
42.026,0
42.028,0
42.031,0
42.033,0
42.036,0
42.038,0
42.041,0
42.043,0
42.046,0
42.048,0
42.051,0
42.053,0
42.056,0
42.058,0
42.061,0
42.063,0
42.066,0
42.068,0
42.071,0
42.073,0
42.076,0
42.078,0
42.081,0
42.083,0
42.086,0
42.088,0
42.091,0
42.093,0
42.096,0
42.098,0
42.101,0
42.103,0
42.106,0
42.109,0
42.112,0
42.115,0
42.118,0
42.121,0
42.125,0
42.129,0
42.133,0
42.138,0
42.144,0
42.15,0
42.158,0
42.169,0
42.182,0
42.196,0
42.209,0
42.223,0
42.236,0
42.25,0
42.262,0
42.27,0
42.275,0
42.281,0
42.285,0
42.289,0
42.293,0
42.296,0
42.299,0
42.302,0
42.305,0
42.308,0
42.311,0
42.313,0
42.316,0
42.318,0
42.321,0
42.323,0
42.326,0
42.328,0
42.331,0
42.333,0
42.336,0
42.338,0
42.341,0
42.343,0
42.346,0
42.348,0
42.351,0
42.353,0
42.356,0
42.358,0
42.361,0
42.363,0
42.366,0
42.368,0
42.371,0
42.373,0
42.376,0
42.378,0
42.381,0
42.383,0
42.386,0
42.388,0
42.391,0
42.393,0
42.396,0
42.398,0
42.401,0
42.403,0
42.406,0
42.408,0
42.411,0
42.413,0
42.416,0
42.418,0
42.421,0
42.423,0
42.426,0
42.428,0
42.431,0
42.433,0
42.436,0
42.438,0
42.441,0
42.443,0
42.446,0
42.448,0
42.451,0
42.453,0
42.456,0
42.458,0
42.461,0
42.464,0
42.466,0
42.469,0
42.472,0
42.476,0
42.479,0
42.483,0
42.487,0
42.491,0
42.496,0
42.502,0
42.509,0
42.517,0
42.529,0
42.543,0
42.556,0
42.57,0
42.583,0
42.597,0
42.611,0
42.621,0
42.628,0
42.634,0
42.639,0
42.643,0
42.647,0
42.651,0
42.654,0
42.657,0
42.66,0
42.663,0
42.666,0
42.669,0
42.671,0
42.674,0
42.676,0
42.679,0
42.681,0
42.684,0
42.686,0
42.689,0
42.691,0
42.694,0
42.696,0
42.699,0
42.701,0
42.704,0
42.706,0
42.709,0
42.711,0
42.714,0
42.716,0
42.719,0
42.721,0
42.724,0
42.726,0
42.729,0
42.731,0
42.734,0
42.736,0
42.739,0
42.741,0
42.744,0
42.746,0
42.749,0
42.751,0
42.754,0
42.756,0
42.759,0
42.761,0
42.764,0
42.766,0
42.769,0
42.771,0
42.774,0
42.776,0
42.779,0
42.781,0
42.784,0
42.786,0
42.789,0
42.791,0
42.794,0
42.796,0
42.799,0
42.801,0
42.804,0
42.806,0
42.809,0
42.811,0
42.814,0
42.816,0
42.819,0
42.822,0
42.824,0
42.827,0
42.831,0
42.834,0
42.838,0
42.841,0
42.846,0
42.85,0
42.856,0
42.862,0
42.869,0
42.879,0
42.893,0
42.906,0
42.92,0
42.934,0
42.947,0
42.961,0
42.975,0
42.983,0
42.989,0
42.994,0
42.998,0
43.003,0
43.006,0
43.01,0
43.013,0
43.016,0
43.019,0
43.022,0
43.024,0
43.027,0
43.03,0
43.032,0
43.035,0
43.037,0
43.04,0
43.042,0
43.045,0
43.047,0
43.05,0
43.052,0
43.055,0
43.057,0
43.06,0
43.062,0
43.065,0
43.067,0
43.07,0
43.072,0
43.075,0
43.077,0
43.08,0
43.082,0
43.085,0
43.087,0
43.09,0
43.092,0
43.095,0
43.097,0
43.1,0
43.102,0
43.105,0
43.107,0
43.11,0
43.112,0
43.115,0
43.117,0
43.12,0
43.122,0
43.125,0
43.127,0
43.13,0
43.132,0
43.135,0
43.137,0
43.14,0
43.142,0
43.145,0
43.147,0
43.15,0
43.152,0
43.155,0
43.157,0
43.16,0
43.162,0
43.165,0
43.167,0
43.17,0
43.172,0
43.175,0
43.177,0
43.18,0
43.183,0
43.186,0
43.19,0
43.193,0
43.197,0
43.201,0
43.206,0
43.211,0
43.217,0
43.224,0
43.233,0
43.246,0
43.259,0
43.273,0
43.287,0
43.301,0
43.315,0
43.329,0
43.338,0
43.344,0
43.35,0
43.355,0
43.359,0
43.363,0
43.366,0
43.37,0
43.373,0
43.376,0
43.379,0
43.381,0
43.384,0
43.386,0
43.389,0
43.391,0
43.394,0
43.396,0
43.399,0
43.401,0
43.404,0
43.406,0
43.409,0
43.411,0
43.414,0
43.416,0
43.419,0
43.421,0
43.424,0
43.426,0
43.429,0
43.431,0
43.434,0
43.436,0
43.439,0
43.441,0
43.444,0
43.446,0
43.449,0
43.451,0
43.454,0
43.456,0
43.459,0
43.461,0
43.464,0
43.466,0
43.469,0
43.471,0
43.474,0
43.476,0
43.479,0
43.481,0
43.484,0
43.486,0
43.489,0
43.491,0
43.494,0
43.496,0
43.499,0
43.501,0
43.504,0
43.506,0
43.509,0
43.511,0
43.514,0
43.516,0
43.519,0
43.521,0
43.524,0
43.526,0
43.529,0
43.532,0
43.534,0
43.537,0
43.54,0
43.544,0
43.547,0
43.551,0
43.554,0
43.559,0
43.563,0
43.569,0
43.575,0
43.582,0
43.591,0
43.605,0
43.619,0
43.633,0
43.647,0
43.661,0
43.675,0
43.689,0
43.697,0
43.704,0
43.709,0
43.714,0
43.718,0
43.721,0
43.725,0
43.728,0
43.731,0
43.734,0
43.737,0
43.74,0
43.742,0
43.745,0
43.747,0
43.75,0
43.752,0
43.755,0
43.757,0
43.76,0
43.762,0
43.765,0
43.767,0
43.77,0
43.772,0
43.775,0
43.777,0
43.78,0
43.782,0
43.785,0
43.787,0
43.79,0
43.792,0
43.795,0
43.797,0
43.8,0
43.802,0
43.805,0
43.807,0
43.81,0
43.812,0
43.815,0
43.817,0
43.82,0
43.822,0
43.825,0
43.827,0
43.83,0
43.832,0
43.835,0
43.837,0
43.84,0
43.842,0
43.845,0
43.847,0
43.85,0
43.852,0
43.855,0
43.857,0
43.86,0
43.862,0
43.865,0
43.867,0
43.87,0
43.872,0
43.875,0
43.877,0
43.88,0
43.882,0
43.885,0
43.888,0
43.89,0
43.893,0
43.896,0
43.899,0
43.903,0
43.906,0
43.91,0
43.914,0
43.919,0
43.924,0
43.929,0
43.936,0
43.944,0
43.956,0
43.97,0
43.984,0
43.998,0
44.012,0
44.027,0
44.041,0
44.051,0
44.058,0
44.064,0
44.069,0
44.073,0
44.077,0
44.081,0
44.085,0
44.088,0
44.091,0
44.094,0
44.097,0
44.099,0
44.102,0
44.104,0
44.107,0
44.109,0
44.112,0
44.114,0
44.117,0
44.119,0
44.122,0
44.124,0
44.127,0
44.129,0
44.132,0
44.134,0
44.137,0
44.139,0
44.142,0
44.144,0
44.147,0
44.149,0
44.152,0
44.154,0
44.157,0
44.159,0
44.162,0
44.164,0
44.167,0
44.169,0
44.172,0
44.174,0
44.177,0
44.179,0
44.182,0
44.184,0
44.187,0
44.189,0
44.192,0
44.194,0
44.197,0
44.199,0
44.202,0
44.204,0
44.207,0
44.209,0
44.212,0
44.214,0
44.217,0
44.219,0
44.222,0
44.224,0
44.227,0
44.229,0
44.232,0
44.234,0
44.237,0
44.239,0
44.242,0
44.245,0
44.247,0
44.25,0
44.253,0
44.256,0
44.259,0
44.263,0
44.267,0
44.271,0
44.275,0
44.28,0
44.285,0
44.291,0
44.299,0
44.309,0
44.324,0
44.338,0
44.352,0
44.367,0
44.381,0
44.396,0
44.408,0
44.416,0
44.422,0
44.427,0
44.432,0
44.436,0
44.44,0
44.443,0
44.447,0
44.45,0
44.453,0
44.456,0
44.459,0
44.461,0
44.464,0
44.466,0
44.469,0
44.471,0
44.474,0
44.476,0
44.479,0
44.481,0
44.484,0
44.486,0
44.489,0
44.491,0
44.494,0
44.496,0
44.499,0
44.501,0
44.504,0
44.506,0
44.509,0
44.511,0
44.514,0
44.516,0
44.519,0
44.521,0
44.524,0
44.526,0
44.529,0
44.531,0
44.534,0
44.536,0
44.539,0
44.541,0
44.544,0
44.546,0
44.549,0
44.551,0
44.554,0
44.556,0
44.559,0
44.561,0
44.564,0
44.566,0
44.569,0
44.571,0
44.574,0
44.576,0
44.579,0
44.581,0
44.584,0
44.586,0
44.589,0
44.591,0
44.594,0
44.596,0
44.599,0
44.601,0
44.604,0
44.607,0
44.61,0
44.613,0
44.616,0
44.619,0
44.623,0
44.627,0
44.631,0
44.636,0
44.641,0
44.646,0
44.653,0
44.662,0
44.673,0
44.688,0
44.703,0
44.718,0
44.732,0
44.747,0
44.762,0
44.772,0
44.779,0
44.785,0
44.79,0
44.795,0
44.799,0
44.803,0
44.806,0
44.81,0
44.813,0
44.816,0
44.819,0
44.821,0
44.824,0
44.826,0
44.829,0
44.831,0
44.834,0
44.836,0
44.839,0
44.841,0
44.844,0
44.846,0
44.849,0
44.851,0
44.854,0
44.856,0
44.859,0
44.861,0
44.864,0
44.866,0
44.869,0
44.871,0
44.874,0
44.876,0
44.879,0
44.881,0
44.884,0
44.886,0
44.889,0
44.891,0
44.894,0
44.896,0
44.899,0
44.901,0
44.904,0
44.906,0
44.909,0
44.911,0
44.914,0
44.916,0
44.919,0
44.921,0
44.924,0
44.926,0
44.929,0
44.931,0
44.934,0
44.936,0
44.939,0
44.941,0
44.944,0
44.946,0
44.949,0
44.951,0
44.954,0
44.956,0
44.959,0
44.962,0
44.964,0
44.967,0
44.97,0
44.973,0
44.976,0
44.979,0
44.983,0
44.987,0
44.991,0
44.995,0
45,0
45.005,0
45.011,0
45.019,0
45.028,0
45.042,0
45.057,0
45.072,0
45.087,0
45.102,0
45.117,0
45.131,0
45.139,0
45.145,0
45.151,0
45.156,0
45.16,0
45.164,0
45.168,0
45.171,0
45.174,0
45.177,0
45.18,0
45.183,0
45.186,0
45.188,0
45.191,0
45.193,0
45.196,0
45.198,0
45.201,0
45.203,0
45.206,0
45.208,0
45.211,0
45.213,0
45.216,0
45.218,0
45.221,0
45.223,0
45.226,0
45.228,0
45.231,0
45.233,0
45.236,0
45.238,0
45.241,0
45.243,0
45.246,0
45.248,0
45.251,0
45.253,0
45.256,0
45.258,0
45.261,0
45.263,0
45.266,0
45.268,0
45.271,0
45.273,0
45.276,0
45.278,0
45.281,0
45.283,0
45.286,0
45.288,0
45.291,0
45.293,0
45.296,0
45.298,0
45.301,0
45.303,0
45.306,0
45.308,0
45.311,0
45.313,0
45.316,0
45.318,0
45.321,0
45.323,0
45.326,0
45.329,0
45.332,0
45.335,0
45.338,0
45.341,0
45.345,0
45.349,0
45.353,0
45.357,0
45.362,0
45.368,0
45.374,0
45.382,0
45.392,0
45.407,0
45.422,0
45.437,0
45.452,0
45.467,0
45.482,0
45.495,0
45.502,0
45.509,0
45.514,0
45.519,0
45.523,0
45.527,0
45.531,0
45.534,0
45.537,0
45.54,0
45.543,0
45.546,0
45.549,0
45.551,0
45.554,0
45.556,0
45.559,0
45.561,0
45.564,0
45.566,0
45.569,0
45.571,0
45.574,0
45.576,0
45.579,0
45.581,0
45.584,0
45.586,0
45.589,0
45.591,0
45.594,0
45.596,0
45.599,0
45.601,0
45.604,0
45.606,0
45.609,0
45.611,0
45.614,0
45.616,0
45.619,0
45.621,0
45.624,0
45.626,0
45.629,0
45.631,0
45.634,0
45.636,0
45.639,0
45.641,0
45.644,0
45.646,0
45.649,0
45.651,0
45.654,0
45.656,0
45.659,0
45.661,0
45.664,0
45.666,0
45.669,0
45.671,0
45.674,0
45.676,0
45.679,0
45.681,0
45.684,0
45.687,0
45.689,0
45.692,0
45.695,0
45.698,0
45.702,0
45.705,0
45.709,0
45.712,0
45.717,0
45.721,0
45.726,0
45.732,0
45.739,0
45.747,0
45.757,0
45.773,0
45.788,0
45.803,0
45.819,0
45.834,0
45.849,0
45.86,0
45.868,0
45.874,0
45.879,0
45.884,0
45.888,0
45.892,0
45.896,0
45.899,0
45.902,0
45.905,0
45.908,0
45.911,0
45.914,0
45.917,0
45.919,0
45.922,0
45.924,0
45.927,0
45.929,0
45.932,0
45.934,0
45.937,0
45.939,0
45.942,0
45.944,0
45.947,0
45.949,0
45.952,0
45.954,0
45.957,0
45.959,0
45.962,0
45.964,0
45.967,0
45.969,0
45.972,0
45.974,0
45.977,0
45.979,0
45.982,0
45.984,0
45.987,0
45.989,0
45.992,0
45.994,0
45.997,0
45.999,0
46.002,0
46.004,0
46.007,0
46.009,0
46.012,0
46.014,0
46.017,0
46.019,0
46.022,0
46.024,0
46.027,0
46.029,0
46.032,0
46.034,0
46.037,0
46.039,0
46.042,0
46.044,0
46.047,0
46.049,0
46.052,0
46.055,0
46.058,0
46.061,0
46.064,0
46.067,0
46.071,0
46.075,0
46.079,0
46.083,0
46.088,0
46.093,0
46.1,0
46.107,0
46.117,0
46.13,0
46.145,0
46.161,0
46.176,0
46.191,0
46.207,0
46.222,0
46.23,0
46.236,0
46.242,0
46.247,0
46.251,0
46.255,0
46.259,0
46.262,0
46.266,0
46.269,0
46.272,0
46.274,0
46.277,0
46.28,0
46.282,0
46.285,0
46.287,0
46.29,0
46.292,0
46.295,0
46.297,0
46.3,0
46.302,0
46.305,0
46.307,0
46.31,0
46.312,0
46.315,0
46.317,0
46.32,0
46.322,0
46.325,0
46.327,0
46.33,0
46.332,0
46.335,0
46.337,0
46.34,0
46.342,0
46.345,0
46.347,0
46.35,0
46.352,0
46.355,0
46.357,0
46.36,0
46.362,0
46.365,0
46.367,0
46.37,0
46.372,0
46.375,0
46.377,0
46.38,0
46.382,0
46.385,0
46.387,0
46.39,0
46.392,0
46.395,0
46.397,0
46.4,0
46.402,0
46.405,0
46.407,0
46.41,0
46.413,0
46.415,0
46.418,0
46.421,0
46.424,0
46.427,0
46.431,0
46.434,0
46.438,0
46.442,0
46.447,0
46.451,0
46.457,0
46.463,0
46.47,0
46.479,0
46.492,0
46.508,0
46.523,0
46.539,0
46.554,0
46.57,0
46.585,0
46.593,0
46.6,0
46.605,0
46.61,0
46.615,0
46.619,0
46.622,0
46.626,0
46.629,0
46.632,0
46.635,0
46.638,0
46.641,0
46.644,0
46.646,0
46.649,0
46.651,0
46.654,0
46.656,0
46.659,0
46.661,0
46.664,0
46.666,0
46.669,0
46.671,0
46.674,0
46.676,0
46.679,0
46.681,0
46.684,0
46.686,0
46.689,0
46.691,0
46.694,0
46.696,0
46.699,0
46.701,0
46.704,0
46.706,0
46.709,0
46.711,0
46.714,0
46.716,0
46.719,0
46.721,0
46.724,0
46.726,0
46.729,0
46.731,0
46.734,0
46.736,0
46.739,0
46.741,0
46.744,0
46.746,0
46.749,0
46.751,0
46.754,0
46.756,0
46.759,0
46.761,0
46.764,0
46.766,0
46.769,0
46.771,0
46.774,0
46.777,0
46.779,0
46.782,0
46.785,0
46.788,0
46.792,0
46.795,0
46.799,0
46.803,0
46.807,0
46.811,0
46.816,0
46.822,0
46.828,0
46.836,0
46.846,0
46.861,0
46.877,0
46.893,0
46.908,0
46.924,0
46.94,0
46.952,0
46.96,0
46.967,0
46.972,0
46.977,0
46.981,0
46.985,0
46.989,0
46.992,0
46.996,0
46.999,0
47.002,0
47.005,0
47.008,0
47.01,0
47.013,0
47.015,0
47.018,0
47.02,0
47.023,0
47.025,0
47.028,0
47.03,0
47.033,0
47.035,0
47.038,0
47.04,0
47.043,0
47.045,0
47.048,0
47.05,0
47.053,0
47.055,0
47.058,0
47.06,0
47.063,0
47.065,0
47.068,0
47.07,0
47.073,0
47.075,0
47.078,0
47.08,0
47.083,0
47.085,0
47.088,0
47.09,0
47.093,0
47.095,0
47.098,0
47.1,0
47.103,0
47.105,0
47.108,0
47.11,0
47.113,0
47.115,0
47.118,0
47.12,0
47.123,0
47.125,0
47.128,0
47.13,0
47.133,0
47.135,0
47.138,0
47.141,0
47.143,0
47.146,0
47.149,0
47.152,0
47.155,0
47.159,0
47.162,0
47.166,0
47.17,0
47.175,0
47.179,0
47.185,0
47.191,0
47.198,0
47.207,0
47.22,0
47.236,0
47.252,0
47.268,0
47.283,0
47.299,0
47.315,0
47.324,0
47.33,0
47.336,0
47.341,0
47.345,0
47.35,0
47.353,0
47.357,0
47.36,0
47.363,0
47.366,0
47.369,0
47.372,0
47.375,0
47.377,0
47.38,0
47.382,0
47.385,0
47.387,0
47.39,0
47.392,0
47.395,0
47.397,0
47.4,0
47.402,0
47.405,0
47.407,0
47.41,0
47.412,0
47.415,0
47.417,0
47.42,0
47.422,0
47.425,0
47.427,0
47.43,0
47.432,0
47.435,0
47.437,0
47.44,0
47.442,0
47.445,0
47.447,0
47.45,0
47.452,0
47.455,0
47.457,0
47.46,0
47.462,0
47.465,0
47.467,0
47.47,0
47.472,0
47.475,0
47.477,0
47.48,0
47.482,0
47.485,0
47.487,0
47.49,0
47.492,0
47.495,0
47.497,0
47.5,0
47.503,0
47.505,0
47.508,0
47.511,0
47.514,0
47.517,0
47.52,0
47.524,0
47.528,0
47.531,0
47.536,0
47.54,0
47.545,0
47.551,0
47.557,0
47.564,0
47.574,0
47.587,0
47.604,0
47.62,0
47.636,0
47.652,0
47.668,0
47.683,0
47.692,0
47.699,0
47.704,0
47.709,0
47.714,0
47.718,0
47.722,0
47.726,0
47.729,0
47.732,0
47.735,0
47.738,0
47.741,0
47.744,0
47.747,0
47.749,0
47.752,0
47.754,0
47.757,0
47.759,0
47.762,0
47.764,0
47.767,0
47.769,0
47.772,0
47.774,0
47.777,0
47.779,0
47.782,0
47.784,0
47.787,0
47.789,0
47.792,0
47.794,0
47.797,0
47.799,0
47.802,0
47.804,0
47.807,0
47.809,0
47.812,0
47.814,0
47.817,0
47.819,0
47.822,0
47.824,0
47.827,0
47.829,0
47.832,0
47.834,0
47.837,0
47.839,0
47.842,0
47.844,0
47.847,0
47.849,0
47.852,0
47.854,0
47.857,0
47.859,0
47.862,0
47.864,0
47.867,0
47.869,0
47.872,0
47.875,0
47.877,0
47.88,0
47.883,0
47.887,0
47.89,0
47.893,0
47.897,0
47.901,0
47.905,0
47.91,0
47.915,0
47.92,0
47.927,0
47.935,0
47.945,0
47.96,0
47.976,0
47.992,0
48.008,0
48.024,0
48.041,0
48.053,0
48.061,0
48.068,0
48.073,0
48.078,0
48.082,0
48.086,0
48.09,0
48.094,0
48.097,0
48.1,0
48.103,0
48.106,0
48.109,0
48.112,0
48.114,0
48.117,0
48.12,0
48.122,0
48.125,0
48.127,0
48.13,0
48.132,0
48.135,0
48.137,0
48.14,0
48.142,0
48.145,0
48.147,0
48.15,0
48.152,0
48.155,0
48.157,0
48.16,0
48.162,0
48.165,0
48.167,0
48.17,0
48.172,0
48.175,0
48.177,0
48.18,0
48.182,0
48.185,0
48.187,0
48.19,0
48.192,0
48.195,0
48.197,0
48.2,0
48.202,0
48.205,0
48.207,0
48.21,0
48.212,0
48.215,0
48.217,0
48.22,0
48.222,0
48.225,0
48.227,0
48.23,0
48.232,0
48.235,0
48.237,0
48.24,0
48.243,0
48.245,0
48.248,0
48.251,0
48.255,0
48.258,0
48.261,0
48.265,0
48.269,0
48.273,0
48.278,0
48.283,0
48.289,0
48.296,0
48.304,0
48.314,0
48.33,0
48.347,0
48.363,0
48.379,0
48.395,0
48.411,0
48.422,0
48.43,0
48.436,0
48.442,0
48.446,0
48.451,0
48.455,0
48.459,0
48.462,0
48.465,0
48.469,0
48.472,0
48.474,0
48.477,0
48.48,0
48.483,0
48.485,0
48.488,0
48.49,0
48.493,0
48.495,0
48.498,0
48.5,0
48.503,0
48.505,0
48.508,0
48.51,0
48.513,0
48.515,0
48.518,0
48.52,0
48.523,0
48.525,0
48.528,0
48.53,0
48.533,0
48.535,0
48.538,0
48.54,0
48.543,0
48.545,0
48.548,0
48.55,0
48.553,0
48.555,0
48.558,0
48.56,0
48.563,0
48.565,0
48.568,0
48.57,0
48.573,0
48.575,0
48.578,0
48.58,0
48.583,0
48.585,0
48.588,0
48.59,0
48.593,0
48.595,0
48.598,0
48.6,0
48.603,0
48.606,0
48.608,0
48.611,0
48.614,0
48.617,0
48.62,0
48.624,0
48.627,0
48.631,0
48.635,0
48.639,0
48.643,0
48.648,0
48.654,0
48.66,0
48.668,0
48.677,0
48.69,0
48.707,0
48.723,0
48.74,0
48.756,0
48.773,0
48.787,0
48.796,0
48.803,0
48.808,0
48.813,0
48.818,0
48.822,0
48.826,0
48.83,0
48.833,0
48.836,0
48.839,0
48.842,0
48.845,0
48.848,0
48.851,0
48.853,0
48.856,0
48.858,0
48.861,0
48.863,0
48.866,0
48.868,0
48.871,0
48.873,0
48.876,0
48.878,0
48.881,0
48.883,0
48.886,0
48.888,0
48.891,0
48.893,0
48.896,0
48.898,0
48.901,0
48.903,0
48.906,0
48.908,0
48.911,0
48.913,0
48.916,0
48.918,0
48.921,0
48.923,0
48.926,0
48.928,0
48.931,0
48.933,0
48.936,0
48.938,0
48.941,0
48.943,0
48.946,0
48.948,0
48.951,0
48.953,0
48.956,0
48.958,0
48.961,0
48.963,0
48.966,0
48.968,0
48.971,0
48.974,0
48.976,0
48.979,0
48.982,0
48.985,0
48.989,0
48.992,0
48.996,0
48.999,0
49.003,0
49.008,0
49.012,0
49.017,0
49.023,0
49.03,0
49.038,0
49.048,0
49.063,0
49.08,0
49.097,0
49.113,0
49.13,0
49.146,0
49.159,0
49.167,0
49.173,0
49.179,0
49.184,0
49.188,0
49.192,0
49.196,0
49.2,0
49.203,0
49.206,0
49.209,0
49.212,0
49.215,0
49.218,0
49.221,0
49.223,0
49.226,0
49.228,0
49.231,0
49.233,0
49.236,0
49.238,0
49.241,0
49.243,0
49.246,0
49.248,0
49.251,0
49.253,0
49.256,0
49.258,0
49.261,0
49.263,0
49.266,0
49.268,0
49.271,0
49.273,0
49.276,0
49.278,0
49.281,0
49.283,0
49.286,0
49.288,0
49.291,0
49.293,0
49.296,0
49.298,0
49.301,0
49.303,0
49.306,0
49.308,0
49.311,0
49.313,0
49.316,0
49.318,0
49.321,0
49.323,0
49.326,0
49.328,0
49.331,0
49.333,0
49.336,0
49.338,0
49.341,0
49.344,0
49.347,0
49.35,0
49.353,0
49.356,0
49.359,0
49.362,0
49.366,0
49.37,0
49.374,0
49.379,0
49.383,0
49.389,0
49.395,0
49.402,0
49.411,0
49.423,0
49.44,0
49.456,0
49.473,0
49.49,0
49.506,0
49.523,0
49.533,0
49.54,0
49.546,0
49.551,0
49.556,0
49.56,0
49.564,0
49.568,0
49.571,0
49.575,0
49.578,0
49.581,0
49.584,0
49.587,0
49.589,0
49.592,0
49.595,0
49.597,0
49.6,0
49.602,0
49.605,0
49.607,0
49.61,0
49.612,0
49.615,0
49.617,0
49.62,0
49.622,0
49.625,0
49.627,0
49.63,0
49.632,0
49.635,0
49.637,0
49.64,0
49.642,0
49.645,0
49.647,0
49.65,0
49.652,0
49.655,0
49.657,0
49.66,0
49.662,0
49.665,0
49.667,0
49.67,0
49.672,0
49.675,0
49.677,0
49.68,0
49.682,0
49.685,0
49.687,0
49.69,0
49.692,0
49.695,0
49.697,0
49.7,0
49.702,0
49.705,0
49.707,0
49.71,0
49.713,0
49.716,0
49.719,0
49.722,0
49.725,0
49.728,0
49.731,0
49.735,0
49.739,0
49.743,0
49.747,0
49.752,0
49.757,0
49.763,0
49.77,0
49.778,0
49.789,0
49.804,0
49.821,0
49.838,0
49.855,0
49.872,0
49.889,0
49.901,0
49.909,0
49.915,0
49.921,0
49.926,0
49.93,0
49.934,0
49.938,0
49.942,0
49.945,0
49.948,0
49.952,0
49.955,0
49.957,0
49.96,0
49.963,0
49.966,0
49.968,0
49.971,0
49.973,0
49.976,0
49.978,0
49.981,0
49.983,0
49.986,0
49.988,0
49.991,0
49.993,0
49.996,0
49.998,0
50.001,0
50.003,0
50.006,0
50.008,0
50.011,0
50.013,0
50.016,0
50.018,0
50.021,0
50.023,0
50.026,0
50.028,0
50.031,0
50.033,0
50.036,0
50.038,0
50.041,0
50.043,0
50.046,0
50.048,0
50.051,0
50.053,0
50.056,0
50.058,0
50.061,0
50.063,0
50.066,0
50.068,0
50.071,0
50.073,0
50.076,0
50.078,0
50.081,0
50.084,0
50.087,0
50.09,0
50.093,0
50.096,0
50.099,0
50.103,0
50.106,0
50.11,0
50.114,0
50.119,0
50.124,0
50.129,0
50.135,0
50.143,0
50.151,0
50.163,0
50.181,0
50.198,0
50.215,0
50.232,0
50.249,0
50.266,0
50.276,0
50.283,0
50.289,0
50.294,0
50.299,0
50.303,0
50.307,0
50.311,0
50.315,0
50.318,0
50.321,0
50.324,0
50.327,0
50.33,0
50.333,0
50.336,0
50.338,0
50.341,0
50.343,0
50.346,0
50.348,0
50.351,0
50.353,0
50.356,0
50.358,0
50.361,0
50.363,0
50.366,0
50.368,0
50.371,0
50.373,0
50.376,0
50.378,0
50.381,0
50.383,0
50.386,0
50.388,0
50.391,0
50.393,0
50.396,0
50.398,0
50.401,0
50.403,0
50.406,0
50.408,0
50.411,0
50.413,0
50.416,0
50.418,0
50.421,0
50.423,0
50.426,0
50.428,0
50.431,0
50.433,0
50.436,0
50.438,0
50.441,0
50.443,0
50.446,0
50.448,0
50.451,0
50.454,0
50.457,0
50.46,0
50.463,0
50.466,0
50.469,0
50.473,0
50.476,0
50.48,0
50.484,0
50.488,0
50.493,0
50.498,0
50.504,0
50.511,0
50.518,0
50.528,0
50.543,0
50.56,0
50.577,0
50.594,0
50.611,0
50.629,0
50.642,0
50.65,0
50.657,0
50.663,0
50.668,0
50.672,0
50.677,0
50.68,0
50.684,0
50.688,0
50.691,0
50.694,0
50.697,0
50.7,0
50.703,0
50.706,0
50.708,0
50.711,0
50.714,0
50.716,0
50.719,0
50.721,0
50.724,0
50.726,0
50.729,0
50.731,0
50.734,0
50.736,0
50.739,0
50.741,0
50.744,0
50.746,0
50.749,0
50.751,0
50.754,0
50.756,0
50.759,0
50.761,0
50.764,0
50.766,0
50.769,0
50.771,0
50.774,0
50.776,0
50.779,0
50.781,0
50.784,0
50.786,0
50.789,0
50.791,0
50.794,0
50.796,0
50.799,0
50.801,0
50.804,0
50.806,0
50.809,0
50.811,0
50.814,0
50.816,0
50.819,0
50.821,0
50.824,0
50.827,0
50.83,0
50.833,0
50.836,0
50.839,0
50.842,0
50.846,0
50.85,0
50.854,0
50.858,0
50.862,0
50.867,0
50.873,0
50.879,0
50.887,0
50.896,0
50.908,0
50.925,0
50.943,0
50.96,0
50.977,0
50.994,0
51.011,0
51.02,0
51.027,0
51.033,0
51.038,0
51.043,0
51.047,0
51.051,0
51.055,0
51.058,0
51.062,0
51.065,0
51.068,0
51.071,0
51.074,0
51.077,0
51.08,0
51.082,0
51.085,0
51.087,0
51.09,0
51.092,0
51.095,0
51.097,0
51.1,0
51.102,0
51.105,0
51.107,0
51.11,0
51.112,0
51.115,0
51.117,0
51.12,0
51.122,0
51.125,0
51.127,0
51.13,0
51.132,0
51.135,0
51.137,0
51.14,0
51.142,0
51.145,0
51.147,0
51.15,0
51.152,0
51.155,0
51.157,0
51.16,0
51.162,0
51.165,0
51.167,0
51.17,0
51.172,0
51.175,0
51.177,0
51.18,0
51.182,0
51.185,0
51.187,0
51.19,0
51.192,0
51.195,0
51.198,0
51.201,0
51.204,0
51.207,0
51.21,0
51.213,0
51.217,0
51.22,0
51.224,0
51.228,0
51.233,0
51.238,0
51.243,0
51.249,0
51.256,0
51.264,0
51.274,0
51.29,0
51.307,0
51.325,0
51.342,0
51.359,0
51.376,0
51.387,0
51.395,0
51.402,0
51.407,0
51.412,0
51.416,0
51.42,0
51.424,0
51.428,0
51.431,0
51.435,0
51.438,0
51.441,0
51.444,0
51.446,0
51.449,0
51.452,0
51.454,0
51.457,0
51.459,0
51.462,0
51.464,0
51.467,0
51.469,0
51.472,0
51.474,0
51.477,0
51.479,0
51.482,0
51.484,0
51.487,0
51.489,0
51.492,0
51.494,0
51.497,0
51.499,0
51.502,0
51.504,0
51.507,0
51.509,0
51.512,0
51.514,0
51.517,0
51.519,0
51.522,0
51.524,0
51.527,0
51.529,0
51.532,0
51.534,0
51.537,0
51.539,0
51.542,0
51.544,0
51.547,0
51.549,0
51.552,0
51.554,0
51.557,0
51.559,0
51.562,0
51.565,0
51.567,0
51.57,0
51.573,0
51.576,0
51.579,0
51.583,0
51.586,0
51.59,0
51.593,0
51.597,0
51.602,0
51.606,0
51.611,0
51.617,0
51.624,0
51.631,0
51.641,0
51.654,0
51.672,0
51.689,0
51.706,0
51.723,0
51.74,0
51.755,0
51.763,0
51.77,0
51.776,0
51.781,0
51.785,0
51.79,0
51.794,0
51.797,0
51.801,0
51.804,0
51.807,0
51.81,0
51.813,0
51.816,0
51.819,0
51.821,0
51.824,0
51.827,0
51.829,0
51.832,0
51.834,0
51.837,0
51.839,0
51.842,0
51.844,0
51.847,0
51.849,0
51.852,0
51.854,0
51.857,0
51.859,0
51.862,0
51.864,0
51.867,0
51.869,0
51.872,0
51.874,0
51.877,0
51.879,0
51.882,0
51.884,0
51.887,0
51.889,0
51.892,0
51.894,0
51.897,0
51.899,0
51.902,0
51.904,0
51.907,0
51.909,0
51.912,0
51.914,0
51.917,0
51.919,0
51.922,0
51.924,0
51.927,0
51.929,0
51.932,0
51.934,0
51.937,0
51.94,0
51.943,0
51.946,0
51.949,0
51.952,0
51.955,0
51.959,0
51.963,0
51.967,0
51.971,0
51.975,0
51.98,0
51.986,0
51.992,0
52,0
52.009,0
52.021,0
52.038,0
52.055,0
52.072,0
52.09,0
52.107,0
52.124,0
52.133,0
52.14,0
52.146,0
52.151,0
52.155,0
52.16,0
52.164,0
52.167,0
52.171,0
52.174,0
52.177,0
52.18,0
52.183,0
52.186,0
52.189,0
52.192,0
52.194,0
52.197,0
52.199,0
52.202,0
52.204,0
52.207,0
52.209,0
52.212,0
52.214,0
52.217,0
52.219,0
52.222,0
52.224,0
52.227,0
52.229,0
52.232,0
52.234,0
52.237,0
52.239,0
52.242,0
52.244,0
52.247,0
52.249,0
52.252,0
52.254,0
52.257,0
52.259,0
52.262,0
52.264,0
52.267,0
52.269,0
52.272,0
52.274,0
52.277,0
52.279,0
52.282,0
52.284,0
52.287,0
52.289,0
52.292,0
52.294,0
52.297,0
52.299,0
52.302,0
52.305,0
52.307,0
52.31,0
52.313,0
52.316,0
52.319,0
52.323,0
52.326,0
52.329,0
52.333,0
52.337,0
52.341,0
52.346,0
52.351,0
52.357,0
52.363,0
52.37,0
52.38,0
52.392,0
52.41,0
52.427,0
52.444,0
52.462,0
52.479,0
52.495,0
52.504,0
52.511,0
52.517,0
52.522,0
52.526,0
52.531,0
52.535,0
52.538,0
52.542,0
52.545,0
52.549,0
52.552,0
52.555,0
52.557,0
52.56,0
52.563,0
52.566,0
52.568,0
52.571,0
52.573,0
52.576,0
52.578,0
52.581,0
52.583,0
52.586,0
52.588,0
52.591,0
52.593,0
52.596,0
52.598,0
52.601,0
52.603,0
52.606,0
52.608,0
52.611,0
52.613,0
52.616,0
52.618,0
52.621,0
52.623,0
52.626,0
52.628,0
52.631,0
52.633,0
52.636,0
52.638,0
52.641,0
52.643,0
52.646,0
52.648,0
52.651,0
52.653,0
52.656,0
52.658,0
52.661,0
52.663,0
52.666,0
52.668,0
52.671,0
52.673,0
52.676,0
52.679,0
52.682,0
52.685,0
52.688,0
52.691,0
52.694,0
52.698,0
52.701,0
52.705,0
52.709,0
52.713,0
52.718,0
52.723,0
52.729,0
52.736,0
52.744,0
52.754,0
52.769,0
52.787,0
52.804,0
52.821,0
52.839,0
52.856,0
52.869,0
52.877,0
52.883,0
52.889,0
52.894,0
52.899,0
52.903,0
52.907,0
52.91,0
52.914,0
52.917,0
52.92,0
52.923,0
52.926,0
52.929,0
52.932,0
52.935,0
52.937,0
52.94,0
52.942,0
52.945,0
52.947,0
52.95,0
52.952,0
52.955,0
52.957,0
52.96,0
52.962,0
52.965,0
52.967,0
52.97,0
52.972,0
52.975,0
52.977,0
52.98,0
52.982,0
52.985,0
52.987,0
52.99,0
52.992,0
52.995,0
52.997,0
53,0
53.002,0
53.005,0
53.007,0
53.01,0
53.012,0
53.015,0
53.017,0
53.02,0
53.022,0
53.025,0
53.027,0
53.03,0
53.032,0
53.035,0
53.037,0
53.04,0
53.043,0
53.045,0
53.048,0
53.051,0
53.054,0
53.057,0
53.06,0
53.063,0
53.067,0
53.07,0
53.074,0
53.078,0
53.082,0
53.087,0
53.092,0
53.097,0
53.103,0
53.111,0
53.119,0
53.131,0
53.149,0
53.167,0
53.184,0
53.202,0
53.219,0
53.237,0
53.247,0
53.254,0
53.26,0
53.265,0
53.27,0
53.274,0
53.278,0
53.282,0
53.286,0
53.289,0
53.292,0
53.296,0
53.299,0
53.302,0
53.304,0
53.307,0
53.31,0
53.312,0
53.315,0
53.317,0
53.32,0
53.322,0
53.325,0
53.327,0
53.33,0
53.332,0
53.335,0
53.337,0
53.34,0
53.342,0
53.345,0
53.347,0
53.35,0
53.352,0
53.355,0
53.357,0
53.36,0
53.362,0
53.365,0
53.367,0
53.37,0
53.372,0
53.375,0
53.377,0
53.38,0
53.382,0
53.385,0
53.387,0
53.39,0
53.392,0
53.395,0
53.397,0
53.4,0
53.402,0
53.405,0
53.407,0
53.41,0
53.413,0
53.415,0
53.418,0
53.421,0
53.423,0
53.426,0
53.429,0
53.432,0
53.436,0
53.439,0
53.442,0
53.446,0
53.45,0
53.454,0
53.459,0
53.464,0
53.469,0
53.475,0
53.482,0
53.491,0
53.502,0
53.518,0
53.536,0
53.553,0
53.571,0
53.589,0
53.606,0
53.617,0
53.625,0
53.631,0
53.637,0
53.642,0
53.646,0
53.65,0
53.654,0
53.658,0
53.661,0
53.665,0
53.668,0
53.671,0
53.674,0
53.677,0
53.68,0
53.682,0
53.685,0
53.687,0
53.69,0
53.693,0
53.695,0
53.698,0
53.7,0
53.703,0
53.705,0
53.708,0
53.71,0
53.713,0
53.715,0
53.718,0
53.72,0
53.723,0
53.725,0
53.728,0
53.73,0
53.733,0
53.735,0
53.738,0
53.74,0
53.743,0
53.745,0
53.748,0
53.75,0
53.753,0
53.755,0
53.758,0
53.76,0
53.763,0
53.765,0
53.768,0
53.77,0
53.773,0
53.775,0
53.778,0
53.78,0
53.783,0
53.785,0
53.788,0
53.79,0
53.793,0
53.796,0
53.799,0
53.802,0
53.805,0
53.808,0
53.812,0
53.815,0
53.819,0
53.823,0
53.827,0
53.832,0
53.837,0
53.842,0
53.848,0
53.855,0
53.863,0
53.874,0
53.89,0
53.908,0
53.926,0
53.944,0
53.962,0
53.98,0
53.991,0
53.999,0
54.005,0
54.011,0
54.016,0
54.02,0
54.025,0
54.029,0
54.032,0
54.036,0
54.039,0
54.042,0
54.046,0
54.049,0
54.051,0
54.054,0
54.057,0
54.06,0
54.062,0
54.065,0
54.067,0
54.07,0
54.072,0
54.075,0
54.077,0
54.08,0
54.082,0
54.085,0
54.087,0
54.09,0
54.092,0
54.095,0
54.097,0
54.1,0
54.102,0
54.105,0
54.107,0
54.11,0
54.112,0
54.115,0
54.117,0
54.12,0
54.122,0
54.125,0
54.127,0
54.13,0
54.132,0
54.135,0
54.137,0
54.14,0
54.142,0
54.145,0
54.147,0
54.15,0
54.152,0
54.155,0
54.157,0
54.16,0
54.163,0
54.166,0
54.168,0
54.171,0
54.174,0
54.177,0
54.181,0
54.184,0
54.188,0
54.191,0
54.195,0
54.199,0
54.204,0
54.208,0
54.214,0
54.219,0
54.226,0
54.234,0
54.243,0
54.257,0
54.275,0
54.293,0
54.311,0
54.329,0
54.347,0
54.362,0
54.371,0
54.378,0
54.384,0
54.389,0
54.394,0
54.398,0
54.402,0
54.406,0
54.41,0
54.413,0
54.416,0
54.42,0
54.423,0
54.426,0
54.428,0
54.431,0
54.434,0
54.437,0
54.439,0
54.442,0
54.444,0
54.447,0
54.449,0
54.452,0
54.454,0
54.457,0
54.459,0
54.462,0
54.464,0
54.467,0
54.469,0
54.472,0
54.474,0
54.477,0
54.479,0
54.482,0
54.484,0
54.487,0
54.489,0
54.492,0
54.494,0
54.497,0
54.499,0
54.502,0
54.504,0
54.507,0
54.509,0
54.512,0
54.514,0
54.517,0
54.519,0
54.522,0
54.524,0
54.527,0
54.529,0
54.532,0
54.535,0
54.537,0
54.54,0
54.543,0
54.546,0
54.549,0
54.552,0
54.555,0
54.559,0
54.562,0
54.566,0
54.57,0
54.574,0
54.578,0
54.583,0
54.588,0
54.594,0
54.601,0
54.608,0
54.618,0
54.631,0
54.649,0
54.668,0
54.686,0
54.704,0
54.722,0
54.738,0
54.747,0
54.754,0
54.76,0
54.765,0
54.77,0
54.775,0
54.779,0
54.783,0
54.786,0
54.79,0
54.793,0
54.796,0
54.799,0
54.802,0
54.805,0
54.808,0
54.811,0
54.814,0
54.816,0
54.819,0
54.821,0
54.824,0
54.826,0
54.829,0
54.831,0
54.834,0
54.836,0
54.839,0
54.841,0
54.844,0
54.846,0
54.849,0
54.851,0
54.854,0
54.856,0
54.859,0
54.861,0
54.864,0
54.866,0
54.869,0
54.871,0
54.874,0
54.876,0
54.879,0
54.881,0
54.884,0
54.886,0
54.889,0
54.891,0
54.894,0
54.896,0
54.899,0
54.901,0
54.904,0
54.907,0
54.909,0
54.912,0
54.915,0
54.917,0
54.92,0
54.923,0
54.926,0
54.929,0
54.933,0
54.936,0
54.94,0
54.944,0
54.948,0
54.952,0
54.956,0
54.961,0
54.967,0
54.973,0
54.98,0
54.988,0
54.999,0
55.014,0
55.033,0
55.051,0
55.07,0
55.088,0
55.107,0
55.118,0
55.127,0
55.133,0
55.139,0
55.144,0
55.149,0
55.153,0
55.157,0
55.161,0
55.165,0
55.168,0
55.171,0
55.174,0
55.177,0
55.18,0
55.183,0
55.186,0
55.189,0
55.192,0
55.194,0
55.197,0
55.199,0
55.202,0
55.204,0
55.207,0
55.209,0
55.212,0
55.214,0
55.217,0
55.219,0
55.222,0
55.224,0
55.227,0
55.229,0
55.232,0
55.234,0
55.237,0
55.239,0
55.242,0
55.244,0
55.247,0
55.249,0
55.252,0
55.254,0
55.257,0
55.259,0
55.262,0
55.264,0
55.267,0
55.269,0
55.272,0
55.274,0
55.277,0
55.279,0
55.282,0
55.285,0
55.287,0
55.29,0
55.293,0
55.296,0
55.299,0
55.302,0
55.305,0
55.308,0
55.311,0
55.315,0
55.318,0
55.322,0
55.326,0
55.331,0
55.335,0
55.341,0
55.346,0
55.353,0
55.36,0
55.369,0
55.381,0
55.399,0
55.417,0
55.435,0
55.454,0
55.472,0
55.491,0
55.5,0
55.508,0
55.514,0
55.519,0
55.524,0
55.529,0
55.533,0
55.537,0
55.541,0
55.544,0
55.547,0
55.551,0
55.554,0
55.557,0
55.56,0
55.563,0
55.565,0
55.568,0
55.571,0
55.573,0
55.576,0
55.579,0
55.581,0
55.584,0
55.586,0
55.589,0
55.591,0
55.594,0
55.596,0
55.599,0
55.601,0
55.604,0
55.606,0
55.609,0
55.611,0
55.614,0
55.616,0
55.619,0
55.621,0
55.624,0
55.626,0
55.629,0
55.631,0
55.634,0
55.636,0
55.639,0
55.641,0
55.644,0
55.646,0
55.649,0
55.651,0
55.654,0
55.656,0
55.659,0
55.661,0
55.664,0
55.667,0
55.67,0
55.672,0
55.675,0
55.678,0
55.682,0
55.685,0
55.688,0
55.692,0
55.695,0
55.699,0
55.703,0
55.707,0
55.712,0
55.717,0
55.723,0
55.729,0
55.736,0
55.745,0
55.756,0
55.773,0
55.792,0
55.81,0
55.829,0
55.848,0
55.867,0
55.877,0
55.885,0
55.892,0
55.898,0
55.903,0
55.908,0
55.912,0
55.916,0
55.92,0
55.923,0
55.927,0
55.93,0
55.933,0
55.936,0
55.939,0
55.942,0
55.945,0
55.948,0
55.951,0
55.953,0
55.956,0
55.959,0
55.961,0
55.964,0
55.966,0
55.969,0
55.971,0
55.974,0
55.976,0
55.979,0
55.981,0
55.984,0
55.986,0
55.989,0
55.991,0
55.994,0
55.996,0
55.999,0
56.001,0
56.004,0
56.006,0
56.009,0
56.011,0
56.014,0
56.016,0
56.019,0
56.021,0
56.024,0
56.026,0
56.029,0
56.031,0
56.034,0
56.036,0
56.039,0
56.042,0
56.044,0
56.047,0
56.05,0
56.053,0
